hole_area,bound_box_ratio,sim. with 0,sim. with 1,sim. with 2,sim. with 3,sim. with 4,sim. with 5,sim. with 6,sim. with 7,sim. with 8,sim. with 9,label
76.5,1.067,0.91,0.63,0.67,0.71,0.63,0.76,0.73,0.62,0.83,0.76,0
62.5,1.067,0.9,0.74,0.66,0.72,0.66,0.79,0.72,0.67,0.83,0.81,0
52.5,1.067,0.95,0.73,0.71,0.72,0.76,0.79,0.78,0.61,0.86,0.78,0
48.0,1.143,0.95,0.74,0.75,0.78,0.71,0.84,0.76,0.7,0.88,0.83,0
70.5,1.067,0.91,0.69,0.62,0.71,0.69,0.76,0.78,0.55,0.84,0.73,0
25.5,1.067,0.73,0.74,0.58,0.73,0.68,0.67,0.67,0.61,0.72,0.67,0
79.5,1.067,0.91,0.61,0.68,0.7,0.66,0.78,0.77,0.57,0.85,0.74,0
71.0,1.067,0.92,0.63,0.66,0.69,0.65,0.77,0.75,0.59,0.82,0.76,0
94.5,1.067,0.88,0.58,0.65,0.66,0.61,0.74,0.73,0.56,0.81,0.72,0
69.0,1.067,0.92,0.68,0.75,0.74,0.68,0.78,0.76,0.64,0.87,0.76,0
63.5,1.067,0.91,0.67,0.69,0.67,0.68,0.77,0.75,0.59,0.83,0.76,0
46.5,1.067,0.96,0.75,0.77,0.78,0.77,0.84,0.82,0.66,0.91,0.81,0
54.0,1.067,0.93,0.71,0.75,0.75,0.68,0.83,0.76,0.74,0.88,0.82,0
45.0,1.067,0.96,0.72,0.76,0.76,0.73,0.84,0.82,0.68,0.91,0.81,0
65.5,1.067,0.95,0.65,0.7,0.7,0.69,0.8,0.8,0.59,0.88,0.78,0
49.5,1.067,0.95,0.72,0.69,0.74,0.76,0.82,0.83,0.59,0.89,0.79,0
38.5,1.143,0.92,0.77,0.74,0.74,0.78,0.82,0.79,0.65,0.88,0.82,0
86.5,1.067,0.9,0.59,0.68,0.65,0.61,0.73,0.74,0.56,0.81,0.73,0
70.0,1.067,0.94,0.63,0.7,0.7,0.66,0.77,0.76,0.58,0.86,0.74,0
59.0,1.067,0.94,0.7,0.73,0.72,0.7,0.82,0.78,0.68,0.88,0.82,0
67.5,1.067,0.96,0.67,0.7,0.7,0.69,0.78,0.78,0.6,0.88,0.78,0
56.5,1.067,0.92,0.69,0.65,0.7,0.71,0.78,0.78,0.58,0.83,0.76,0
54.5,1.067,0.93,0.72,0.73,0.74,0.75,0.8,0.82,0.6,0.87,0.77,0
54.0,1.067,0.95,0.72,0.75,0.75,0.71,0.81,0.79,0.67,0.88,0.8,0
52.5,1.067,0.95,0.74,0.73,0.76,0.73,0.84,0.81,0.67,0.9,0.82,0
53.0,1.067,0.96,0.72,0.74,0.77,0.73,0.83,0.81,0.65,0.89,0.8,0
68.5,1.067,0.92,0.65,0.7,0.7,0.67,0.75,0.75,0.61,0.85,0.76,0
65.0,1.067,0.91,0.64,0.75,0.71,0.66,0.77,0.74,0.61,0.83,0.74,0
71.5,1.067,0.94,0.66,0.68,0.7,0.72,0.79,0.81,0.57,0.87,0.76,0
56.5,1.067,0.92,0.68,0.67,0.71,0.7,0.82,0.78,0.65,0.84,0.8,0
54.5,1.067,0.92,0.74,0.76,0.74,0.75,0.8,0.77,0.66,0.88,0.82,0
55.0,1.067,0.94,0.72,0.76,0.75,0.74,0.8,0.79,0.64,0.88,0.78,0
42.0,1.143,0.94,0.77,0.78,0.79,0.73,0.82,0.78,0.71,0.88,0.81,0
20.5,1.067,0.83,0.8,0.74,0.78,0.82,0.83,0.8,0.63,0.82,0.75,0
53.0,1.067,0.82,0.69,0.57,0.71,0.69,0.71,0.73,0.54,0.76,0.69,0
48.5,1.067,0.95,0.72,0.72,0.74,0.74,0.84,0.82,0.66,0.9,0.83,0
48.5,1.067,0.94,0.75,0.76,0.8,0.7,0.84,0.77,0.71,0.88,0.83,0
74.5,1.067,0.94,0.66,0.71,0.7,0.69,0.78,0.79,0.58,0.88,0.76,0
60.0,1.067,0.95,0.72,0.71,0.74,0.71,0.81,0.8,0.64,0.88,0.78,0
56.0,1.231,0.91,0.73,0.69,0.74,0.74,0.81,0.8,0.6,0.89,0.77,0
63.0,1.067,0.94,0.69,0.73,0.72,0.72,0.8,0.78,0.6,0.87,0.76,0
40.0,1.143,0.93,0.78,0.75,0.76,0.77,0.83,0.79,0.68,0.88,0.82,0
68.0,1.067,0.94,0.67,0.66,0.69,0.69,0.79,0.78,0.58,0.86,0.75,0
67.5,1.067,0.92,0.66,0.73,0.74,0.67,0.79,0.77,0.64,0.86,0.75,0
42.5,1.067,0.92,0.73,0.75,0.76,0.79,0.82,0.82,0.61,0.86,0.75,0
68.0,1.067,0.89,0.65,0.74,0.7,0.68,0.77,0.75,0.62,0.83,0.76,0
45.0,1.067,0.94,0.73,0.78,0.8,0.76,0.85,0.83,0.66,0.91,0.78,0
58.5,1.067,0.95,0.73,0.74,0.77,0.72,0.86,0.81,0.68,0.93,0.83,0
61.0,1.067,0.9,0.69,0.71,0.73,0.72,0.77,0.76,0.6,0.84,0.72,0
65.5,1.067,0.91,0.63,0.67,0.67,0.72,0.75,0.77,0.56,0.82,0.74,0
48.5,1.067,0.76,0.67,0.69,0.68,0.68,0.72,0.66,0.6,0.73,0.68,0
71.0,1.067,0.91,0.66,0.66,0.69,0.67,0.8,0.76,0.62,0.83,0.78,0
52.5,1.067,0.92,0.68,0.72,0.71,0.7,0.77,0.74,0.61,0.81,0.75,0
53.5,1.067,0.93,0.71,0.71,0.74,0.7,0.79,0.74,0.7,0.83,0.81,0
51.5,1.067,0.94,0.71,0.69,0.76,0.76,0.81,0.83,0.58,0.88,0.76,0
60.0,1.067,0.95,0.67,0.73,0.76,0.73,0.82,0.82,0.6,0.89,0.75,0
54.5,1.067,0.95,0.74,0.71,0.77,0.76,0.83,0.82,0.61,0.91,0.8,0
60.5,1.067,0.95,0.7,0.72,0.78,0.72,0.84,0.8,0.64,0.89,0.79,0
66.0,1.067,0.95,0.69,0.72,0.76,0.67,0.82,0.77,0.67,0.87,0.8,0
62.0,1.067,0.83,0.63,0.64,0.73,0.67,0.78,0.78,0.54,0.8,0.66,0
57.0,1.067,0.84,0.7,0.57,0.71,0.73,0.75,0.78,0.55,0.8,0.7,0
53.0,1.067,0.84,0.69,0.75,0.75,0.72,0.8,0.75,0.63,0.81,0.73,0
59.0,1.067,0.95,0.71,0.69,0.75,0.72,0.8,0.79,0.63,0.87,0.79,0
71.5,1.067,0.92,0.65,0.67,0.68,0.67,0.78,0.78,0.56,0.84,0.76,0
62.5,1.067,0.79,0.66,0.58,0.67,0.61,0.74,0.69,0.6,0.74,0.71,0
64.0,1.067,0.94,0.7,0.74,0.76,0.69,0.83,0.79,0.66,0.89,0.81,0
38.0,1.067,0.87,0.75,0.74,0.77,0.81,0.83,0.85,0.59,0.88,0.73,0
66.5,1.067,0.92,0.65,0.69,0.72,0.66,0.8,0.76,0.62,0.84,0.77,0
55.5,1.067,0.93,0.67,0.72,0.72,0.72,0.77,0.79,0.57,0.85,0.72,0
77.0,1.067,0.92,0.64,0.71,0.72,0.65,0.76,0.74,0.64,0.84,0.75,0
65.0,1.067,0.87,0.66,0.73,0.69,0.7,0.76,0.74,0.59,0.83,0.75,0
67.5,1.067,0.94,0.67,0.66,0.72,0.69,0.79,0.79,0.59,0.86,0.76,0
40.0,1.067,0.91,0.77,0.76,0.78,0.79,0.84,0.83,0.65,0.89,0.77,0
36.5,1.067,0.96,0.76,0.76,0.79,0.77,0.84,0.83,0.67,0.91,0.82,0
64.5,1.067,0.91,0.66,0.68,0.75,0.72,0.77,0.8,0.56,0.86,0.72,0
42.0,1.067,0.87,0.79,0.66,0.82,0.77,0.79,0.8,0.63,0.87,0.77,0
58.0,1.067,0.94,0.71,0.72,0.74,0.76,0.82,0.84,0.58,0.91,0.78,0
55.0,1.067,0.92,0.7,0.65,0.7,0.7,0.78,0.77,0.61,0.83,0.78,0
67.0,1.067,0.95,0.67,0.73,0.74,0.67,0.8,0.78,0.64,0.88,0.8,0
40.0,1.067,0.89,0.75,0.77,0.75,0.77,0.8,0.8,0.64,0.86,0.74,0
60.0,1.067,0.96,0.72,0.73,0.76,0.71,0.83,0.79,0.64,0.88,0.8,0
64.0,1.143,0.92,0.69,0.72,0.71,0.72,0.77,0.75,0.63,0.86,0.79,0
44.0,1.143,0.9,0.76,0.7,0.74,0.74,0.81,0.8,0.65,0.88,0.79,0
51.0,1.067,0.96,0.74,0.76,0.77,0.77,0.82,0.83,0.65,0.91,0.8,0
55.0,1.067,0.88,0.68,0.72,0.77,0.69,0.82,0.79,0.64,0.84,0.73,0
63.5,1.067,0.95,0.7,0.72,0.72,0.69,0.79,0.77,0.62,0.88,0.79,0
44.5,1.067,0.92,0.75,0.68,0.74,0.76,0.77,0.82,0.58,0.85,0.74,0
49.5,1.067,0.97,0.72,0.75,0.75,0.75,0.82,0.81,0.65,0.89,0.8,0
30.5,1.067,0.91,0.78,0.74,0.78,0.8,0.83,0.82,0.65,0.86,0.77,0
67.0,1.143,0.94,0.67,0.7,0.71,0.68,0.82,0.77,0.64,0.88,0.8,0
59.0,1.067,0.91,0.67,0.73,0.76,0.71,0.79,0.79,0.61,0.86,0.72,0
42.0,1.067,0.96,0.75,0.75,0.78,0.78,0.84,0.83,0.66,0.91,0.82,0
52.0,1.067,0.82,0.7,0.71,0.71,0.73,0.76,0.74,0.59,0.78,0.68,0
57.0,1.067,0.96,0.72,0.72,0.74,0.72,0.83,0.82,0.65,0.89,0.8,0
77.5,1.067,0.89,0.62,0.66,0.69,0.61,0.78,0.71,0.63,0.81,0.78,0
72.5,1.143,0.93,0.67,0.71,0.7,0.69,0.78,0.79,0.59,0.87,0.75,0
35.0,1.067,0.92,0.77,0.76,0.78,0.76,0.83,0.79,0.66,0.87,0.8,0
62.5,1.067,0.93,0.68,0.66,0.72,0.72,0.78,0.82,0.57,0.86,0.73,0
54.0,1.067,0.91,0.72,0.63,0.72,0.74,0.77,0.8,0.57,0.84,0.73,0
71.5,1.067,0.88,0.66,0.69,0.7,0.59,0.78,0.68,0.69,0.81,0.8,0
0.0,1.067,0.55,0.74,0.71,0.64,0.58,0.62,0.6,0.64,0.66,0.61,1
0.0,1.143,0.58,0.87,0.75,0.74,0.59,0.69,0.54,0.81,0.67,0.76,1
0.0,1.067,0.46,0.62,0.54,0.55,0.52,0.48,0.53,0.5,0.57,0.45,1
0.0,1.067,0.65,0.9,0.6,0.75,0.76,0.7,0.67,0.68,0.75,0.71,1
0.0,1.067,0.63,0.8,0.53,0.73,0.62,0.64,0.54,0.62,0.7,0.71,1
0.0,1.067,0.55,0.68,0.51,0.5,0.77,0.69,0.69,0.44,0.64,0.6,1
0.0,1.067,0.72,0.8,0.56,0.75,0.66,0.71,0.58,0.6,0.71,0.77,1
0.0,1.067,0.72,0.92,0.7,0.78,0.85,0.8,0.75,0.69,0.81,0.78,1
0.0,1.067,0.72,0.93,0.76,0.83,0.82,0.77,0.73,0.8,0.81,0.77,1
0.0,1.067,0.69,0.84,0.76,0.76,0.87,0.8,0.8,0.68,0.79,0.71,1
0.0,1.067,0.67,0.93,0.66,0.84,0.75,0.79,0.68,0.71,0.75,0.78,1
0.0,1.067,0.69,0.89,0.59,0.81,0.66,0.74,0.58,0.71,0.72,0.78,1
0.0,1.067,0.72,0.86,0.72,0.75,0.74,0.67,0.66,0.76,0.75,0.74,1
0.0,1.067,0.56,0.73,0.76,0.65,0.56,0.65,0.62,0.67,0.66,0.63,1
0.0,1.067,0.72,0.95,0.69,0.83,0.77,0.82,0.69,0.73,0.79,0.84,1
0.0,1.067,0.62,0.84,0.74,0.7,0.64,0.68,0.62,0.76,0.7,0.7,1
0.0,1.067,0.55,0.77,0.67,0.61,0.56,0.56,0.51,0.76,0.63,0.67,1
0.0,1.067,0.67,0.95,0.64,0.8,0.75,0.77,0.66,0.73,0.75,0.79,1
0.0,1.067,0.67,0.94,0.63,0.79,0.77,0.73,0.65,0.71,0.75,0.78,1
0.0,1.067,0.51,0.65,0.51,0.52,0.74,0.66,0.66,0.45,0.63,0.57,1
0.0,1.067,0.68,0.89,0.7,0.79,0.78,0.84,0.71,0.67,0.76,0.81,1
0.0,1.143,0.7,0.93,0.69,0.78,0.88,0.8,0.77,0.66,0.79,0.75,1
0.0,1.143,0.72,0.94,0.74,0.85,0.73,0.8,0.68,0.79,0.78,0.83,1
0.0,1.067,0.68,0.93,0.64,0.77,0.84,0.74,0.72,0.66,0.78,0.73,1
0.0,1.067,0.65,0.82,0.75,0.8,0.57,0.7,0.56,0.83,0.68,0.76,1
0.0,1.067,0.71,0.93,0.71,0.84,0.76,0.84,0.7,0.73,0.8,0.83,1
0.0,1.067,0.58,0.92,0.67,0.76,0.7,0.72,0.6,0.74,0.69,0.74,1
0.0,1.067,0.71,0.96,0.67,0.8,0.82,0.79,0.71,0.7,0.8,0.8,1
0.0,1.143,0.64,0.81,0.66,0.71,0.88,0.75,0.79,0.58,0.77,0.66,1
0.0,1.067,0.68,0.96,0.66,0.8,0.82,0.77,0.7,0.7,0.77,0.77,1
0.0,1.143,0.69,0.94,0.76,0.84,0.74,0.82,0.68,0.8,0.78,0.84,1
0.0,1.143,0.7,0.91,0.72,0.8,0.79,0.7,0.67,0.77,0.78,0.76,1
0.0,1.067,0.71,0.92,0.71,0.81,0.81,0.72,0.71,0.75,0.79,0.76,1
0.0,1.143,0.6,0.9,0.59,0.78,0.67,0.72,0.58,0.69,0.7,0.75,1
0.0,1.143,0.69,0.93,0.68,0.77,0.77,0.72,0.67,0.74,0.77,0.77,1
0.0,1.067,0.66,0.9,0.6,0.77,0.73,0.71,0.62,0.68,0.74,0.76,1
0.0,1.143,0.66,0.87,0.54,0.77,0.7,0.72,0.6,0.59,0.75,0.75,1
0.0,1.067,0.65,0.88,0.61,0.8,0.62,0.74,0.54,0.73,0.69,0.79,1
0.0,1.067,0.7,0.94,0.66,0.8,0.77,0.79,0.68,0.69,0.79,0.81,1
0.0,1.143,0.69,0.93,0.69,0.81,0.85,0.74,0.73,0.69,0.77,0.72,1
0.0,1.067,0.67,0.89,0.58,0.8,0.69,0.72,0.6,0.67,0.74,0.78,1
0.0,1.067,0.45,0.75,0.58,0.66,0.73,0.66,0.61,0.58,0.61,0.59,1
0.0,1.067,0.69,0.87,0.56,0.79,0.75,0.79,0.66,0.59,0.74,0.74,1
0.0,1.067,0.77,0.95,0.74,0.83,0.87,0.79,0.77,0.76,0.83,0.8,1
0.0,1.067,0.67,0.91,0.58,0.81,0.73,0.74,0.63,0.66,0.74,0.77,1
0.0,1.067,0.79,0.93,0.81,0.84,0.83,0.81,0.78,0.79,0.86,0.82,1
0.0,1.067,0.7,0.96,0.69,0.84,0.75,0.79,0.66,0.76,0.77,0.83,1
0.0,1.067,0.74,0.86,0.62,0.79,0.7,0.77,0.6,0.66,0.74,0.81,1
0.0,1.143,0.74,0.91,0.79,0.81,0.76,0.8,0.74,0.76,0.81,0.79,1
0.0,1.231,0.7,0.96,0.69,0.83,0.81,0.79,0.71,0.74,0.79,0.79,1
0.0,1.067,0.67,0.88,0.69,0.78,0.82,0.84,0.72,0.65,0.76,0.78,1
0.0,1.143,0.8,0.93,0.82,0.82,0.85,0.85,0.81,0.76,0.87,0.81,1
0.0,1.067,0.72,0.85,0.68,0.79,0.69,0.77,0.59,0.71,0.75,0.82,1
0.0,1.143,0.55,0.7,0.53,0.58,0.77,0.73,0.71,0.47,0.69,0.65,1
0.0,1.143,0.72,0.95,0.68,0.83,0.78,0.81,0.7,0.7,0.8,0.83,1
0.0,1.067,0.63,0.83,0.74,0.73,0.65,0.7,0.67,0.73,0.73,0.69,1
0.0,1.067,0.67,0.92,0.62,0.8,0.72,0.74,0.63,0.72,0.73,0.8,1
0.0,1.067,0.58,0.85,0.61,0.69,0.66,0.63,0.58,0.74,0.68,0.7,1
0.0,1.067,0.61,0.86,0.68,0.73,0.65,0.7,0.62,0.74,0.71,0.72,1
0.0,1.143,0.66,0.78,0.71,0.67,0.82,0.79,0.78,0.61,0.73,0.68,1
0.0,1.143,0.73,0.9,0.78,0.83,0.67,0.81,0.63,0.84,0.78,0.87,1
0.0,1.067,0.72,0.89,0.67,0.83,0.69,0.79,0.62,0.74,0.75,0.84,1
0.0,1.231,0.74,0.94,0.77,0.81,0.82,0.82,0.76,0.74,0.82,0.79,1
0.0,1.067,0.66,0.94,0.63,0.8,0.75,0.73,0.64,0.74,0.75,0.77,1
0.0,1.067,0.68,0.65,0.72,0.62,0.71,0.76,0.76,0.59,0.74,0.67,1
0.0,1.067,0.71,0.88,0.61,0.81,0.79,0.82,0.71,0.61,0.78,0.77,1
0.0,1.067,0.65,0.84,0.78,0.74,0.64,0.72,0.64,0.77,0.73,0.75,1
0.0,1.067,0.66,0.91,0.71,0.8,0.67,0.77,0.62,0.77,0.73,0.82,1
4.0,1.067,0.58,0.82,0.5,0.69,0.65,0.64,0.54,0.63,0.68,0.67,1
0.0,1.067,0.73,0.94,0.69,0.85,0.78,0.82,0.7,0.72,0.79,0.84,1
0.0,1.067,0.68,0.92,0.67,0.79,0.83,0.7,0.7,0.7,0.77,0.73,1
0.0,1.067,0.69,0.86,0.73,0.73,0.84,0.79,0.76,0.68,0.79,0.73,1
0.0,1.067,0.77,0.91,0.83,0.87,0.74,0.85,0.71,0.83,0.83,0.88,1
0.0,1.231,0.73,0.94,0.78,0.82,0.81,0.83,0.72,0.78,0.82,0.84,1
0.0,1.067,0.66,0.92,0.6,0.8,0.72,0.73,0.6,0.7,0.72,0.79,1
0.0,1.067,0.7,0.95,0.77,0.81,0.77,0.8,0.69,0.79,0.79,0.83,1
0.0,1.067,0.66,0.9,0.64,0.8,0.74,0.79,0.65,0.67,0.74,0.78,1
0.0,1.143,0.73,0.9,0.78,0.8,0.8,0.76,0.74,0.79,0.81,0.76,1
0.0,1.143,0.64,0.94,0.63,0.79,0.72,0.74,0.64,0.73,0.74,0.78,1
0.0,1.067,0.67,0.92,0.59,0.82,0.76,0.76,0.65,0.66,0.75,0.77,1
0.0,1.143,0.69,0.93,0.67,0.82,0.77,0.73,0.67,0.74,0.76,0.78,1
0.0,1.067,0.68,0.72,0.51,0.67,0.6,0.61,0.49,0.58,0.64,0.71,1
0.0,1.067,0.69,0.8,0.59,0.71,0.61,0.68,0.53,0.64,0.69,0.75,1
0.0,1.067,0.67,0.84,0.6,0.74,0.6,0.69,0.52,0.72,0.68,0.77,1
0.0,1.067,0.57,0.86,0.64,0.7,0.61,0.66,0.53,0.73,0.66,0.74,1
0.0,1.067,0.69,0.94,0.65,0.78,0.79,0.75,0.68,0.72,0.77,0.78,1
0.0,1.067,0.65,0.93,0.63,0.78,0.81,0.76,0.71,0.65,0.76,0.73,1
0.0,1.143,0.59,0.9,0.72,0.78,0.65,0.74,0.61,0.79,0.7,0.77,1
0.0,1.067,0.72,0.96,0.74,0.84,0.77,0.81,0.69,0.78,0.79,0.85,1
0.0,1.143,0.64,0.92,0.62,0.8,0.72,0.71,0.61,0.73,0.74,0.77,1
0.0,1.143,0.69,0.89,0.74,0.76,0.87,0.75,0.79,0.68,0.79,0.71,1
0.0,1.067,0.73,0.94,0.67,0.82,0.83,0.83,0.75,0.69,0.81,0.8,1
0.0,1.067,0.7,0.81,0.57,0.75,0.63,0.69,0.54,0.63,0.69,0.74,1
4.0,1.067,0.51,0.75,0.61,0.65,0.77,0.7,0.66,0.58,0.66,0.63,1
0.0,1.067,0.74,0.96,0.73,0.83,0.85,0.82,0.74,0.74,0.82,0.82,1
0.0,1.067,0.6,0.88,0.67,0.74,0.79,0.64,0.66,0.7,0.7,0.65,1
0.0,1.067,0.71,0.89,0.65,0.75,0.83,0.73,0.75,0.61,0.81,0.71,1
0.0,1.143,0.73,0.93,0.75,0.82,0.81,0.76,0.73,0.79,0.81,0.78,1
0.0,1.067,0.67,0.84,0.76,0.75,0.84,0.78,0.77,0.68,0.77,0.7,1
0.0,1.143,0.71,0.88,0.71,0.82,0.64,0.77,0.57,0.83,0.73,0.84,1
0.0,1.067,0.55,0.67,0.83,0.67,0.52,0.64,0.54,0.72,0.61,0.63,2
2.0,1.067,0.63,0.64,0.75,0.73,0.63,0.63,0.67,0.63,0.72,0.56,2
0.0,1.067,0.75,0.67,0.9,0.63,0.55,0.7,0.63,0.73,0.75,0.76,2
0.0,1.067,0.73,0.7,0.91,0.72,0.56,0.7,0.66,0.83,0.79,0.74,2
0.0,1.067,0.73,0.65,0.82,0.72,0.66,0.71,0.76,0.63,0.81,0.63,2
0.0,1.067,0.61,0.64,0.9,0.69,0.54,0.65,0.64,0.72,0.71,0.62,2
0.0,1.067,0.68,0.66,0.92,0.68,0.49,0.66,0.62,0.79,0.75,0.69,2
0.0,1.067,0.65,0.65,0.89,0.68,0.54,0.63,0.65,0.7,0.7,0.6,2
0.0,1.067,0.69,0.68,0.89,0.67,0.5,0.67,0.6,0.81,0.74,0.76,2
0.0,1.067,0.76,0.58,0.86,0.62,0.49,0.7,0.67,0.66,0.77,0.73,2
0.0,1.067,0.77,0.72,0.89,0.69,0.56,0.74,0.65,0.78,0.78,0.81,2
0.0,1.067,0.56,0.69,0.89,0.69,0.55,0.65,0.58,0.77,0.65,0.64,2
0.0,1.067,0.56,0.64,0.81,0.66,0.63,0.65,0.67,0.61,0.67,0.56,2
0.0,1.067,0.65,0.71,0.91,0.71,0.54,0.7,0.58,0.83,0.71,0.72,2
0.0,1.067,0.7,0.73,0.87,0.72,0.53,0.75,0.56,0.87,0.73,0.82,2
0.0,1.067,0.67,0.54,0.82,0.54,0.41,0.65,0.54,0.7,0.67,0.69,2
0.0,1.067,0.63,0.65,0.91,0.69,0.5,0.7,0.6,0.75,0.69,0.69,2
0.0,1.067,0.67,0.68,0.89,0.65,0.5,0.69,0.55,0.78,0.69,0.74,2
0.0,1.067,0.56,0.6,0.86,0.67,0.52,0.62,0.63,0.66,0.66,0.56,2
0.0,1.067,0.66,0.64,0.75,0.63,0.52,0.6,0.64,0.64,0.71,0.65,2
0.0,1.067,0.71,0.67,0.92,0.63,0.54,0.68,0.62,0.79,0.77,0.76,2
28.0,1.067,0.77,0.68,0.87,0.63,0.6,0.68,0.69,0.7,0.81,0.74,2
29.5,1.067,0.77,0.75,0.92,0.71,0.59,0.77,0.64,0.81,0.77,0.81,2
0.0,1.067,0.48,0.63,0.82,0.66,0.51,0.62,0.53,0.71,0.59,0.59,2
0.0,1.067,0.74,0.76,0.75,0.64,0.59,0.77,0.59,0.77,0.74,0.86,2
0.0,1.067,0.69,0.67,0.8,0.68,0.51,0.7,0.59,0.77,0.71,0.76,2
0.0,1.067,0.71,0.72,0.87,0.68,0.52,0.72,0.56,0.82,0.72,0.8,2
7.0,1.143,0.62,0.64,0.84,0.68,0.59,0.69,0.66,0.65,0.7,0.62,2
0.0,1.067,0.72,0.6,0.89,0.64,0.47,0.65,0.62,0.78,0.78,0.73,2
0.0,1.143,0.6,0.6,0.88,0.65,0.5,0.64,0.61,0.68,0.68,0.61,2
0.0,1.067,0.71,0.68,0.82,0.62,0.55,0.66,0.67,0.69,0.75,0.71,2
14.0,1.067,0.71,0.66,0.9,0.67,0.56,0.68,0.67,0.71,0.77,0.68,2
0.0,1.067,0.74,0.64,0.92,0.66,0.52,0.69,0.67,0.78,0.8,0.74,2
0.0,1.067,0.67,0.64,0.84,0.62,0.47,0.65,0.49,0.8,0.68,0.79,2
0.0,1.067,0.71,0.63,0.88,0.65,0.5,0.67,0.6,0.8,0.74,0.74,2
13.0,1.067,0.64,0.73,0.91,0.68,0.54,0.73,0.58,0.81,0.72,0.79,2
0.0,1.067,0.72,0.73,0.93,0.71,0.58,0.72,0.65,0.79,0.77,0.76,2
0.0,1.067,0.76,0.7,0.92,0.66,0.56,0.67,0.64,0.78,0.79,0.77,2
0.0,1.067,0.7,0.71,0.9,0.67,0.59,0.73,0.68,0.71,0.74,0.71,2
0.0,1.143,0.68,0.64,0.91,0.68,0.53,0.69,0.65,0.72,0.73,0.68,2
0.0,1.067,0.58,0.57,0.65,0.57,0.43,0.49,0.55,0.59,0.63,0.55,2
0.0,1.067,0.62,0.65,0.89,0.66,0.44,0.64,0.51,0.87,0.68,0.73,2
0.0,1.067,0.74,0.63,0.86,0.61,0.51,0.66,0.67,0.71,0.77,0.73,2
0.0,1.067,0.71,0.7,0.92,0.65,0.52,0.71,0.57,0.85,0.73,0.84,2
0.0,1.143,0.51,0.65,0.79,0.64,0.59,0.68,0.64,0.59,0.62,0.58,2
0.0,1.067,0.82,0.7,0.88,0.7,0.57,0.76,0.66,0.78,0.79,0.83,2
0.0,1.143,0.55,0.58,0.78,0.65,0.58,0.63,0.64,0.59,0.64,0.54,2
0.0,1.067,0.69,0.63,0.9,0.63,0.48,0.69,0.59,0.8,0.73,0.77,2
0.0,1.067,0.67,0.67,0.93,0.69,0.56,0.69,0.64,0.74,0.73,0.69,2
0.0,1.067,0.69,0.75,0.9,0.7,0.58,0.76,0.63,0.8,0.74,0.79,2
0.0,1.067,0.73,0.74,0.89,0.71,0.56,0.75,0.65,0.78,0.77,0.79,2
0.0,1.067,0.66,0.69,0.84,0.69,0.68,0.69,0.72,0.65,0.73,0.62,2
0.0,1.067,0.73,0.68,0.9,0.64,0.53,0.72,0.59,0.79,0.76,0.82,2
0.0,1.067,0.61,0.58,0.86,0.65,0.49,0.64,0.59,0.67,0.67,0.6,2
0.0,1.067,0.55,0.62,0.87,0.65,0.48,0.63,0.55,0.72,0.62,0.61,2
0.0,1.067,0.73,0.58,0.86,0.62,0.49,0.62,0.61,0.69,0.77,0.69,2
0.0,1.067,0.63,0.64,0.82,0.62,0.45,0.64,0.58,0.76,0.68,0.67,2
0.0,1.067,0.64,0.68,0.92,0.7,0.57,0.67,0.66,0.74,0.72,0.65,2
0.0,1.067,0.76,0.6,0.91,0.63,0.5,0.67,0.65,0.76,0.78,0.75,2
0.0,1.067,0.7,0.7,0.88,0.69,0.51,0.75,0.56,0.86,0.75,0.83,2
0.0,1.067,0.7,0.69,0.94,0.66,0.52,0.68,0.6,0.83,0.75,0.76,2
0.0,1.067,0.64,0.65,0.89,0.67,0.53,0.67,0.64,0.68,0.69,0.64,2
0.0,1.067,0.7,0.71,0.93,0.7,0.56,0.74,0.63,0.77,0.73,0.74,2
0.0,1.143,0.62,0.69,0.84,0.68,0.65,0.7,0.7,0.62,0.71,0.62,2
0.0,1.067,0.6,0.67,0.89,0.67,0.49,0.67,0.54,0.8,0.66,0.7,2
0.0,1.067,0.48,0.63,0.69,0.55,0.57,0.65,0.56,0.59,0.55,0.6,2
0.0,1.067,0.67,0.62,0.81,0.68,0.45,0.63,0.49,0.8,0.68,0.74,2
0.0,1.067,0.63,0.71,0.87,0.73,0.64,0.72,0.68,0.69,0.73,0.67,2
0.0,1.067,0.63,0.71,0.91,0.72,0.53,0.71,0.57,0.85,0.71,0.73,2
6.0,1.067,0.78,0.76,0.9,0.75,0.69,0.75,0.75,0.75,0.85,0.75,2
0.0,1.067,0.7,0.67,0.9,0.66,0.48,0.73,0.58,0.86,0.75,0.82,2
0.0,1.067,0.68,0.61,0.86,0.62,0.47,0.66,0.63,0.74,0.75,0.68,2
20.5,1.067,0.73,0.74,0.89,0.68,0.63,0.74,0.7,0.72,0.77,0.72,2
0.0,1.067,0.74,0.66,0.87,0.63,0.59,0.68,0.65,0.72,0.79,0.74,2
0.0,1.067,0.74,0.62,0.88,0.63,0.52,0.66,0.67,0.69,0.79,0.7,2
0.0,1.067,0.46,0.65,0.76,0.61,0.56,0.64,0.55,0.65,0.56,0.59,2
27.5,1.067,0.68,0.69,0.76,0.63,0.53,0.65,0.63,0.69,0.71,0.7,2
0.0,1.067,0.66,0.6,0.9,0.65,0.48,0.67,0.6,0.73,0.73,0.68,2
0.0,1.067,0.62,0.58,0.87,0.64,0.46,0.64,0.57,0.69,0.66,0.64,2
0.0,1.067,0.66,0.66,0.93,0.66,0.46,0.68,0.56,0.85,0.74,0.77,2
0.0,1.067,0.78,0.71,0.88,0.69,0.6,0.73,0.7,0.74,0.79,0.78,2
0.0,1.067,0.69,0.64,0.91,0.61,0.46,0.68,0.55,0.8,0.71,0.79,2
0.0,1.143,0.66,0.63,0.87,0.64,0.51,0.62,0.64,0.71,0.73,0.63,2
0.0,1.143,0.53,0.63,0.83,0.66,0.56,0.64,0.62,0.65,0.64,0.57,2
0.0,1.067,0.62,0.69,0.92,0.72,0.5,0.67,0.58,0.85,0.71,0.7,2
0.0,1.067,0.68,0.66,0.93,0.7,0.46,0.71,0.58,0.86,0.75,0.75,2
0.0,1.143,0.66,0.67,0.93,0.7,0.48,0.67,0.58,0.84,0.73,0.72,2
0.0,1.067,0.7,0.65,0.9,0.68,0.51,0.66,0.65,0.81,0.78,0.72,2
0.0,1.067,0.76,0.67,0.92,0.67,0.54,0.71,0.66,0.8,0.8,0.77,2
12.5,1.067,0.72,0.66,0.84,0.67,0.65,0.7,0.75,0.61,0.77,0.65,2
0.0,1.067,0.72,0.71,0.93,0.72,0.59,0.72,0.67,0.78,0.77,0.73,2
0.0,1.067,0.68,0.7,0.88,0.68,0.48,0.71,0.51,0.88,0.71,0.82,2
0.0,1.067,0.71,0.7,0.91,0.71,0.53,0.67,0.6,0.81,0.74,0.75,2
0.0,1.067,0.66,0.7,0.93,0.66,0.53,0.7,0.58,0.81,0.71,0.76,2
0.0,1.067,0.65,0.63,0.87,0.62,0.49,0.64,0.6,0.69,0.71,0.67,2
0.0,1.067,0.71,0.78,0.82,0.8,0.57,0.75,0.56,0.91,0.74,0.84,2
0.0,1.143,0.69,0.62,0.9,0.67,0.47,0.64,0.6,0.76,0.74,0.69,2
0.0,1.067,0.62,0.65,0.92,0.68,0.5,0.65,0.57,0.79,0.68,0.67,2
5.5,1.067,0.51,0.59,0.66,0.57,0.4,0.48,0.51,0.61,0.59,0.51,2
0.0,1.067,0.73,0.75,0.92,0.72,0.58,0.78,0.62,0.85,0.78,0.84,2
0.0,1.067,0.74,0.81,0.69,0.93,0.68,0.84,0.71,0.71,0.8,0.76,3
0.0,1.067,0.71,0.66,0.58,0.83,0.68,0.74,0.72,0.49,0.74,0.59,3
0.0,1.067,0.48,0.73,0.72,0.68,0.51,0.59,0.51,0.75,0.62,0.63,3
0.0,1.067,0.7,0.69,0.72,0.86,0.57,0.73,0.6,0.7,0.74,0.69,3
0.0,1.067,0.75,0.77,0.68,0.92,0.62,0.8,0.63,0.72,0.76,0.75,3
0.0,1.067,0.78,0.74,0.68,0.88,0.64,0.81,0.7,0.7,0.8,0.72,3
0.0,1.067,0.72,0.78,0.62,0.89,0.69,0.87,0.7,0.66,0.75,0.74,3
0.0,1.067,0.63,0.77,0.7,0.81,0.61,0.68,0.64,0.73,0.75,0.7,3
0.0,1.143,0.7,0.77,0.61,0.91,0.62,0.82,0.64,0.69,0.72,0.72,3
0.0,1.067,0.71,0.73,0.68,0.91,0.61,0.79,0.69,0.68,0.78,0.7,3
2.0,1.067,0.65,0.76,0.77,0.79,0.56,0.74,0.53,0.83,0.68,0.76,3
0.0,1.067,0.63,0.72,0.74,0.82,0.62,0.69,0.68,0.68,0.75,0.63,3
0.0,1.067,0.8,0.79,0.73,0.92,0.7,0.79,0.7,0.75,0.81,0.74,3
0.0,1.067,0.65,0.73,0.59,0.85,0.54,0.73,0.6,0.65,0.7,0.68,3
0.0,1.143,0.71,0.86,0.64,0.91,0.69,0.8,0.61,0.79,0.75,0.81,3
0.0,1.067,0.75,0.79,0.67,0.88,0.74,0.87,0.78,0.64,0.81,0.74,3
0.0,1.067,0.73,0.71,0.66,0.88,0.62,0.82,0.7,0.61,0.77,0.69,3
0.0,1.067,0.6,0.73,0.66,0.79,0.67,0.71,0.69,0.69,0.7,0.63,3
0.0,1.067,0.65,0.77,0.62,0.85,0.69,0.79,0.75,0.63,0.77,0.69,3
0.0,1.067,0.71,0.67,0.67,0.83,0.55,0.69,0.53,0.71,0.68,0.69,3
0.0,1.067,0.77,0.8,0.71,0.94,0.68,0.86,0.73,0.71,0.84,0.79,3
0.0,1.067,0.78,0.76,0.65,0.89,0.74,0.81,0.76,0.58,0.8,0.68,3
0.0,1.067,0.71,0.73,0.67,0.91,0.66,0.79,0.68,0.64,0.76,0.68,3
0.0,1.067,0.63,0.72,0.62,0.85,0.52,0.69,0.44,0.79,0.61,0.72,3
0.0,1.067,0.79,0.74,0.67,0.92,0.66,0.8,0.72,0.67,0.79,0.7,3
0.0,1.067,0.69,0.72,0.66,0.85,0.63,0.72,0.61,0.62,0.7,0.63,3
0.0,1.067,0.66,0.74,0.6,0.81,0.58,0.7,0.49,0.73,0.64,0.76,3
0.0,1.067,0.76,0.72,0.67,0.88,0.68,0.82,0.75,0.62,0.78,0.69,3
0.0,1.067,0.66,0.74,0.71,0.86,0.58,0.72,0.57,0.75,0.71,0.7,3
0.0,1.067,0.68,0.72,0.59,0.82,0.64,0.82,0.59,0.65,0.66,0.72,3
0.0,1.067,0.68,0.77,0.66,0.9,0.62,0.78,0.68,0.73,0.76,0.71,3
0.0,1.067,0.7,0.69,0.64,0.86,0.66,0.78,0.71,0.56,0.77,0.64,3
0.0,1.067,0.74,0.83,0.71,0.95,0.68,0.84,0.71,0.74,0.82,0.77,3
0.0,1.067,0.61,0.78,0.68,0.82,0.65,0.8,0.69,0.73,0.7,0.71,3
0.0,1.067,0.71,0.82,0.69,0.9,0.7,0.79,0.74,0.69,0.82,0.74,3
0.0,1.067,0.64,0.76,0.67,0.85,0.62,0.73,0.67,0.7,0.76,0.7,3
0.0,1.067,0.77,0.74,0.67,0.91,0.65,0.77,0.7,0.64,0.79,0.69,3
0.0,1.067,0.7,0.82,0.67,0.92,0.66,0.83,0.68,0.77,0.77,0.77,3
0.0,1.067,0.75,0.77,0.72,0.9,0.62,0.77,0.66,0.8,0.79,0.75,3
0.0,1.067,0.69,0.8,0.65,0.87,0.71,0.79,0.66,0.67,0.74,0.71,3
0.0,1.067,0.64,0.71,0.67,0.8,0.58,0.74,0.52,0.75,0.63,0.72,3
0.0,1.067,0.67,0.81,0.67,0.88,0.6,0.79,0.53,0.83,0.7,0.81,3
0.0,1.067,0.65,0.79,0.64,0.89,0.58,0.76,0.5,0.81,0.67,0.77,3
0.0,1.067,0.62,0.77,0.65,0.84,0.55,0.7,0.45,0.81,0.62,0.74,3
0.0,1.067,0.71,0.73,0.64,0.88,0.59,0.73,0.57,0.68,0.72,0.69,3
0.0,1.067,0.78,0.76,0.66,0.93,0.63,0.83,0.69,0.7,0.78,0.74,3
0.0,1.067,0.76,0.77,0.71,0.92,0.7,0.82,0.71,0.68,0.79,0.7,3
0.0,1.067,0.61,0.74,0.77,0.77,0.58,0.7,0.57,0.77,0.69,0.68,3
0.0,1.067,0.54,0.62,0.48,0.58,0.59,0.69,0.57,0.39,0.62,0.61,3
0.0,1.067,0.69,0.9,0.77,0.87,0.74,0.79,0.72,0.81,0.81,0.78,3
0.0,1.067,0.63,0.73,0.66,0.8,0.65,0.71,0.72,0.62,0.76,0.63,3
0.0,1.067,0.75,0.76,0.68,0.92,0.68,0.78,0.74,0.65,0.82,0.69,3
0.0,1.067,0.72,0.72,0.7,0.82,0.6,0.73,0.64,0.72,0.78,0.73,3
0.0,1.067,0.63,0.77,0.6,0.87,0.57,0.74,0.48,0.77,0.64,0.74,3
0.0,1.067,0.74,0.8,0.67,0.94,0.65,0.81,0.68,0.7,0.79,0.75,3
0.0,1.067,0.63,0.79,0.6,0.9,0.65,0.76,0.55,0.73,0.68,0.73,3
0.0,1.067,0.62,0.77,0.76,0.83,0.58,0.75,0.56,0.8,0.68,0.73,3
0.0,1.067,0.74,0.83,0.74,0.85,0.72,0.78,0.75,0.8,0.83,0.75,3
0.0,1.067,0.68,0.79,0.7,0.87,0.69,0.8,0.74,0.74,0.78,0.71,3
0.0,1.067,0.55,0.75,0.73,0.76,0.55,0.67,0.6,0.79,0.67,0.68,3
0.0,1.067,0.71,0.71,0.69,0.87,0.63,0.75,0.7,0.67,0.8,0.67,3
0.0,1.067,0.72,0.78,0.68,0.92,0.63,0.81,0.62,0.76,0.75,0.75,3
0.0,1.067,0.78,0.77,0.67,0.9,0.66,0.82,0.67,0.69,0.79,0.74,3
0.0,1.067,0.69,0.78,0.67,0.91,0.59,0.77,0.58,0.78,0.73,0.78,3
0.0,1.067,0.74,0.76,0.65,0.93,0.66,0.78,0.69,0.64,0.8,0.7,3
0.0,1.067,0.67,0.83,0.61,0.9,0.64,0.8,0.56,0.76,0.7,0.79,3
0.0,1.067,0.67,0.82,0.66,0.91,0.63,0.8,0.58,0.82,0.74,0.8,3
0.0,1.067,0.67,0.77,0.66,0.86,0.65,0.76,0.71,0.66,0.77,0.69,3
0.0,1.067,0.69,0.74,0.66,0.89,0.66,0.77,0.65,0.64,0.73,0.68,3
0.0,1.143,0.71,0.78,0.67,0.94,0.63,0.81,0.68,0.72,0.78,0.72,3
0.0,1.067,0.78,0.81,0.69,0.96,0.69,0.87,0.73,0.73,0.81,0.78,3
0.0,1.067,0.72,0.7,0.72,0.82,0.56,0.68,0.64,0.69,0.76,0.69,3
0.0,1.067,0.62,0.73,0.69,0.86,0.55,0.75,0.51,0.79,0.67,0.74,3
0.0,1.067,0.72,0.74,0.64,0.89,0.66,0.82,0.68,0.63,0.76,0.71,3
0.0,1.067,0.57,0.69,0.68,0.77,0.55,0.67,0.51,0.69,0.62,0.63,3
0.0,1.067,0.76,0.73,0.65,0.88,0.66,0.77,0.67,0.62,0.76,0.69,3
0.0,1.067,0.71,0.76,0.59,0.9,0.63,0.8,0.64,0.64,0.72,0.7,3
0.0,1.067,0.69,0.79,0.76,0.83,0.62,0.74,0.67,0.81,0.78,0.77,3
0.0,1.067,0.74,0.82,0.65,0.91,0.74,0.88,0.75,0.65,0.81,0.77,3
0.0,1.067,0.68,0.75,0.58,0.87,0.6,0.74,0.51,0.72,0.68,0.76,3
0.0,1.067,0.79,0.74,0.68,0.9,0.7,0.78,0.74,0.65,0.79,0.67,3
0.0,1.067,0.6,0.8,0.71,0.81,0.6,0.71,0.48,0.84,0.64,0.76,3
0.0,1.067,0.69,0.72,0.61,0.86,0.71,0.76,0.75,0.54,0.78,0.6,3
0.0,1.067,0.71,0.73,0.63,0.91,0.61,0.8,0.64,0.66,0.75,0.7,3
0.0,1.067,0.73,0.69,0.64,0.88,0.64,0.72,0.69,0.59,0.77,0.63,3
0.0,1.067,0.75,0.8,0.7,0.95,0.67,0.86,0.68,0.74,0.8,0.78,3
0.0,1.067,0.69,0.82,0.69,0.9,0.7,0.81,0.75,0.75,0.8,0.74,3
0.0,1.067,0.57,0.71,0.66,0.8,0.56,0.7,0.5,0.71,0.62,0.66,3
0.0,1.067,0.62,0.7,0.64,0.84,0.55,0.68,0.54,0.66,0.67,0.65,3
0.0,1.067,0.68,0.78,0.63,0.86,0.64,0.84,0.59,0.72,0.69,0.77,3
0.0,1.067,0.75,0.78,0.62,0.89,0.75,0.84,0.77,0.58,0.81,0.71,3
0.0,1.067,0.76,0.74,0.62,0.89,0.67,0.79,0.7,0.58,0.78,0.68,3
0.0,1.067,0.78,0.81,0.73,0.91,0.72,0.82,0.73,0.72,0.83,0.77,3
0.0,1.067,0.72,0.79,0.68,0.91,0.61,0.79,0.64,0.76,0.77,0.77,3
0.0,1.067,0.73,0.77,0.66,0.9,0.64,0.78,0.66,0.68,0.76,0.73,3
0.0,1.067,0.76,0.83,0.74,0.9,0.73,0.86,0.75,0.72,0.82,0.78,3
0.0,1.067,0.76,0.75,0.62,0.91,0.71,0.79,0.74,0.59,0.79,0.67,3
0.0,1.067,0.74,0.79,0.61,0.89,0.68,0.84,0.66,0.65,0.75,0.75,3
0.0,1.067,0.65,0.78,0.68,0.87,0.61,0.74,0.67,0.74,0.76,0.72,3
0.0,1.067,0.78,0.78,0.69,0.9,0.71,0.85,0.72,0.65,0.8,0.75,3
0.0,1.067,0.67,0.7,0.47,0.62,0.87,0.68,0.75,0.4,0.69,0.58,4
0.0,1.067,0.59,0.74,0.53,0.67,0.81,0.57,0.69,0.49,0.64,0.5,4
0.0,1.067,0.66,0.65,0.47,0.63,0.89,0.65,0.75,0.38,0.68,0.52,4
0.0,1.067,0.58,0.8,0.48,0.67,0.78,0.6,0.65,0.51,0.65,0.56,4
0.0,1.067,0.63,0.66,0.54,0.65,0.8,0.6,0.78,0.4,0.67,0.45,4
0.0,1.067,0.63,0.64,0.49,0.56,0.83,0.6,0.77,0.41,0.63,0.46,4
0.0,1.067,0.59,0.72,0.53,0.64,0.73,0.53,0.6,0.52,0.64,0.53,4
0.0,1.067,0.65,0.74,0.47,0.65,0.88,0.65,0.75,0.41,0.69,0.56,4
0.0,1.067,0.71,0.64,0.52,0.51,0.82,0.69,0.73,0.44,0.7,0.63,4
0.0,1.067,0.58,0.78,0.56,0.68,0.79,0.57,0.65,0.57,0.64,0.55,4
4.0,1.067,0.64,0.68,0.54,0.55,0.87,0.65,0.79,0.45,0.7,0.56,4
0.0,1.067,0.68,0.66,0.45,0.57,0.85,0.7,0.75,0.38,0.68,0.59,4
0.0,1.067,0.65,0.6,0.43,0.55,0.87,0.61,0.76,0.31,0.66,0.47,4
0.0,1.067,0.68,0.63,0.51,0.56,0.77,0.68,0.68,0.44,0.69,0.64,4
0.0,1.067,0.62,0.77,0.44,0.67,0.81,0.65,0.7,0.43,0.67,0.58,4
0.0,1.067,0.73,0.69,0.57,0.54,0.8,0.69,0.71,0.5,0.74,0.66,4
0.0,1.067,0.62,0.74,0.47,0.63,0.86,0.68,0.75,0.41,0.69,0.59,4
0.0,1.067,0.58,0.72,0.56,0.6,0.86,0.61,0.79,0.49,0.66,0.52,4
0.0,1.067,0.65,0.61,0.44,0.55,0.88,0.61,0.77,0.33,0.66,0.48,4
5.5,1.067,0.62,0.78,0.57,0.71,0.88,0.65,0.77,0.52,0.71,0.57,4
0.0,1.067,0.63,0.73,0.57,0.71,0.84,0.63,0.79,0.46,0.7,0.5,4
0.0,1.067,0.71,0.63,0.52,0.56,0.85,0.71,0.76,0.44,0.72,0.6,4
0.0,1.067,0.65,0.74,0.46,0.61,0.92,0.66,0.78,0.39,0.68,0.54,4
0.0,1.067,0.61,0.66,0.52,0.62,0.78,0.56,0.73,0.46,0.63,0.46,4
0.0,1.067,0.69,0.7,0.44,0.6,0.8,0.7,0.73,0.37,0.7,0.64,4
0.0,1.067,0.61,0.69,0.59,0.55,0.75,0.64,0.65,0.53,0.65,0.59,4
12.0,1.067,0.62,0.76,0.54,0.64,0.74,0.57,0.62,0.58,0.67,0.59,4
2.0,1.067,0.64,0.71,0.54,0.58,0.88,0.64,0.81,0.47,0.68,0.53,4
5.5,1.067,0.62,0.79,0.62,0.7,0.79,0.59,0.68,0.58,0.69,0.56,4
0.0,1.067,0.73,0.69,0.53,0.6,0.91,0.71,0.82,0.44,0.73,0.58,4
0.0,1.067,0.64,0.8,0.47,0.69,0.82,0.69,0.72,0.47,0.7,0.62,4
0.0,1.067,0.59,0.69,0.5,0.66,0.81,0.56,0.7,0.42,0.63,0.46,4
0.0,1.143,0.63,0.72,0.57,0.56,0.85,0.7,0.76,0.5,0.7,0.62,4
2.0,1.067,0.59,0.75,0.62,0.68,0.76,0.59,0.7,0.56,0.67,0.52,4
0.0,1.067,0.63,0.65,0.41,0.55,0.9,0.6,0.77,0.33,0.65,0.46,4
0.0,1.143,0.62,0.77,0.46,0.68,0.89,0.64,0.73,0.43,0.66,0.54,4
9.0,1.067,0.67,0.72,0.56,0.64,0.89,0.68,0.83,0.48,0.72,0.56,4
0.0,1.067,0.61,0.83,0.5,0.74,0.81,0.71,0.7,0.5,0.72,0.64,4
0.0,1.067,0.68,0.75,0.5,0.66,0.93,0.68,0.77,0.44,0.7,0.59,4
0.0,1.067,0.6,0.67,0.54,0.67,0.76,0.59,0.74,0.44,0.66,0.46,4
0.0,1.067,0.67,0.71,0.48,0.66,0.92,0.66,0.78,0.42,0.69,0.54,4
2.0,1.067,0.59,0.78,0.52,0.65,0.82,0.61,0.72,0.55,0.66,0.55,4
0.0,1.067,0.66,0.63,0.5,0.47,0.79,0.66,0.71,0.43,0.68,0.59,4
0.0,1.067,0.6,0.73,0.44,0.63,0.88,0.59,0.7,0.41,0.64,0.49,4
0.0,1.067,0.7,0.64,0.48,0.55,0.9,0.66,0.79,0.38,0.69,0.54,4
0.0,1.067,0.69,0.66,0.55,0.5,0.85,0.67,0.77,0.45,0.69,0.58,4
10.0,1.067,0.68,0.83,0.55,0.7,0.88,0.72,0.74,0.53,0.72,0.66,4
0.0,1.067,0.65,0.74,0.55,0.72,0.85,0.63,0.73,0.47,0.68,0.54,4
0.0,1.067,0.69,0.73,0.5,0.62,0.82,0.72,0.75,0.43,0.71,0.65,4
0.0,1.067,0.69,0.71,0.56,0.6,0.89,0.7,0.83,0.48,0.72,0.58,4
0.0,1.067,0.69,0.62,0.47,0.52,0.78,0.71,0.71,0.41,0.68,0.62,4
0.0,1.067,0.63,0.72,0.55,0.62,0.87,0.62,0.79,0.46,0.67,0.49,4
0.0,1.067,0.68,0.73,0.56,0.57,0.84,0.71,0.76,0.51,0.71,0.62,4
0.0,1.067,0.66,0.73,0.51,0.67,0.92,0.65,0.79,0.44,0.69,0.52,4
0.0,1.067,0.57,0.74,0.58,0.67,0.75,0.57,0.67,0.55,0.65,0.52,4
0.0,1.067,0.72,0.57,0.48,0.51,0.82,0.67,0.78,0.36,0.7,0.54,4
0.0,1.067,0.7,0.7,0.53,0.55,0.81,0.73,0.75,0.45,0.74,0.67,4
0.0,1.067,0.57,0.72,0.6,0.6,0.67,0.52,0.6,0.61,0.64,0.54,4
0.0,1.067,0.66,0.62,0.43,0.5,0.84,0.66,0.74,0.36,0.66,0.57,4
0.0,1.067,0.69,0.68,0.48,0.57,0.82,0.72,0.75,0.4,0.71,0.64,4
0.0,1.067,0.69,0.65,0.43,0.52,0.85,0.64,0.73,0.36,0.65,0.55,4
0.0,1.067,0.57,0.7,0.43,0.63,0.87,0.56,0.68,0.38,0.6,0.47,4
0.0,1.067,0.68,0.63,0.52,0.52,0.84,0.65,0.78,0.43,0.67,0.53,4
0.0,1.067,0.63,0.71,0.59,0.64,0.86,0.64,0.81,0.42,0.7,0.49,4
0.0,1.067,0.72,0.6,0.51,0.54,0.79,0.72,0.74,0.43,0.69,0.62,4
0.0,1.067,0.72,0.6,0.49,0.5,0.85,0.66,0.77,0.37,0.68,0.54,4
0.0,1.067,0.69,0.65,0.44,0.65,0.87,0.63,0.77,0.36,0.67,0.49,4
0.0,1.067,0.63,0.63,0.44,0.58,0.87,0.64,0.75,0.35,0.66,0.51,4
0.0,1.067,0.67,0.63,0.56,0.5,0.76,0.67,0.72,0.5,0.67,0.59,4
0.0,1.067,0.69,0.72,0.57,0.63,0.89,0.69,0.83,0.48,0.73,0.57,4
0.0,1.067,0.57,0.67,0.44,0.61,0.86,0.55,0.69,0.36,0.6,0.44,4
0.0,1.067,0.61,0.7,0.55,0.69,0.84,0.62,0.78,0.42,0.66,0.48,4
0.0,1.067,0.62,0.79,0.48,0.71,0.81,0.67,0.71,0.45,0.71,0.61,4
4.0,1.067,0.58,0.75,0.58,0.67,0.79,0.59,0.73,0.54,0.66,0.52,4
0.0,1.067,0.63,0.81,0.64,0.69,0.88,0.65,0.81,0.54,0.72,0.56,4
0.0,1.067,0.78,0.65,0.6,0.6,0.8,0.73,0.74,0.52,0.74,0.65,4
0.0,1.067,0.7,0.72,0.49,0.62,0.83,0.73,0.76,0.43,0.73,0.66,4
0.0,1.067,0.61,0.8,0.48,0.7,0.83,0.63,0.68,0.48,0.68,0.57,4
2.0,1.067,0.66,0.64,0.57,0.51,0.8,0.67,0.74,0.48,0.69,0.6,4
0.0,1.067,0.74,0.63,0.55,0.56,0.87,0.7,0.81,0.41,0.72,0.56,4
0.0,1.067,0.66,0.72,0.56,0.65,0.88,0.66,0.81,0.44,0.71,0.52,4
0.0,1.067,0.62,0.74,0.44,0.62,0.91,0.66,0.77,0.39,0.67,0.54,4
0.0,1.067,0.7,0.77,0.57,0.73,0.69,0.74,0.6,0.57,0.72,0.79,4
0.0,0.333,0.71,0.77,0.62,0.67,0.87,0.78,0.8,0.53,0.78,0.7,4
0.0,1.067,0.65,0.83,0.54,0.72,0.92,0.68,0.75,0.5,0.71,0.6,4
0.0,1.067,0.72,0.64,0.5,0.51,0.88,0.68,0.78,0.39,0.7,0.57,4
0.0,1.067,0.7,0.72,0.48,0.6,0.89,0.71,0.76,0.42,0.71,0.62,4
0.0,1.067,0.66,0.8,0.47,0.69,0.85,0.7,0.74,0.45,0.7,0.62,4
0.0,1.067,0.68,0.81,0.53,0.71,0.88,0.7,0.74,0.51,0.7,0.62,4
0.0,1.067,0.64,0.69,0.46,0.56,0.91,0.66,0.76,0.38,0.66,0.54,4
0.0,1.067,0.64,0.75,0.46,0.66,0.89,0.63,0.72,0.42,0.68,0.55,4
0.0,1.067,0.71,0.73,0.51,0.6,0.85,0.77,0.79,0.43,0.74,0.68,4
0.0,1.067,0.66,0.71,0.52,0.67,0.87,0.66,0.79,0.44,0.7,0.53,4
0.0,1.067,0.61,0.72,0.53,0.6,0.83,0.63,0.76,0.5,0.65,0.54,4
0.0,1.067,0.61,0.69,0.54,0.68,0.82,0.61,0.77,0.42,0.67,0.47,4
0.0,1.067,0.7,0.73,0.58,0.61,0.88,0.73,0.8,0.52,0.74,0.64,4
0.0,1.067,0.6,0.76,0.45,0.63,0.89,0.62,0.75,0.41,0.67,0.53,4
0.0,1.067,0.7,0.69,0.49,0.6,0.85,0.71,0.73,0.41,0.69,0.62,4
0.0,1.067,0.72,0.64,0.48,0.58,0.89,0.65,0.78,0.37,0.69,0.54,4
0.0,1.067,0.55,0.71,0.51,0.62,0.75,0.52,0.62,0.48,0.62,0.49,4
0.0,1.067,0.82,0.7,0.71,0.81,0.7,0.8,0.75,0.59,0.8,0.7,5
0.0,1.067,0.7,0.79,0.76,0.81,0.65,0.81,0.7,0.76,0.75,0.75,5
0.0,1.067,0.82,0.74,0.7,0.84,0.64,0.91,0.7,0.72,0.82,0.85,5
34.5,1.067,0.86,0.71,0.71,0.81,0.73,0.92,0.83,0.62,0.87,0.78,5
0.0,1.143,0.71,0.73,0.61,0.8,0.62,0.87,0.66,0.63,0.72,0.76,5
0.0,1.067,0.82,0.73,0.68,0.81,0.72,0.9,0.76,0.61,0.84,0.79,5
0.0,1.067,0.73,0.78,0.66,0.8,0.68,0.9,0.65,0.73,0.78,0.86,5
0.0,1.067,0.65,0.68,0.74,0.71,0.55,0.83,0.57,0.76,0.7,0.8,5
0.0,1.067,0.75,0.78,0.72,0.77,0.67,0.9,0.65,0.73,0.78,0.86,5
0.0,1.067,0.79,0.69,0.66,0.8,0.67,0.88,0.74,0.56,0.8,0.74,5
0.0,1.067,0.69,0.66,0.61,0.72,0.58,0.85,0.57,0.65,0.69,0.78,5
0.0,1.067,0.82,0.81,0.69,0.81,0.74,0.92,0.81,0.66,0.86,0.84,5
0.0,1.143,0.74,0.73,0.63,0.81,0.65,0.9,0.72,0.61,0.79,0.78,5
0.0,1.067,0.8,0.72,0.7,0.83,0.63,0.93,0.72,0.68,0.82,0.82,5
0.0,1.143,0.76,0.72,0.66,0.81,0.67,0.89,0.75,0.62,0.81,0.75,5
0.0,1.067,0.74,0.79,0.73,0.79,0.64,0.88,0.63,0.77,0.76,0.87,5
0.0,1.067,0.85,0.77,0.68,0.85,0.72,0.94,0.78,0.66,0.86,0.83,5
0.0,1.067,0.8,0.7,0.62,0.77,0.69,0.88,0.71,0.57,0.8,0.75,5
0.0,1.067,0.84,0.7,0.74,0.78,0.7,0.86,0.75,0.59,0.82,0.75,5
6.0,1.067,0.69,0.71,0.76,0.74,0.56,0.8,0.58,0.76,0.71,0.81,5
0.0,1.067,0.71,0.7,0.62,0.69,0.69,0.83,0.79,0.52,0.78,0.73,5
0.0,1.067,0.78,0.76,0.68,0.81,0.72,0.92,0.8,0.65,0.85,0.79,5
0.0,1.067,0.71,0.7,0.67,0.72,0.6,0.84,0.58,0.7,0.71,0.8,5
0.0,1.067,0.79,0.78,0.7,0.75,0.75,0.89,0.85,0.66,0.86,0.81,5
0.0,1.067,0.7,0.75,0.71,0.77,0.62,0.87,0.59,0.76,0.74,0.86,5
0.0,1.067,0.83,0.79,0.69,0.84,0.74,0.93,0.8,0.67,0.87,0.83,5
0.0,1.067,0.76,0.7,0.62,0.73,0.73,0.88,0.8,0.56,0.82,0.77,5
0.0,1.067,0.65,0.66,0.56,0.62,0.72,0.76,0.69,0.42,0.72,0.66,5
12.0,1.067,0.75,0.75,0.77,0.74,0.66,0.84,0.66,0.71,0.76,0.81,5
0.0,1.067,0.76,0.82,0.69,0.78,0.69,0.9,0.7,0.73,0.8,0.87,5
0.0,1.067,0.7,0.71,0.67,0.76,0.59,0.87,0.67,0.69,0.75,0.8,5
0.0,1.067,0.78,0.74,0.73,0.81,0.65,0.88,0.73,0.73,0.78,0.78,5
0.0,1.067,0.71,0.74,0.82,0.73,0.59,0.77,0.6,0.78,0.74,0.8,5
0.0,1.067,0.8,0.74,0.67,0.83,0.69,0.94,0.77,0.63,0.85,0.82,5
0.0,1.143,0.81,0.76,0.73,0.82,0.7,0.91,0.78,0.65,0.85,0.79,5
0.0,1.143,0.77,0.79,0.68,0.83,0.67,0.94,0.71,0.69,0.81,0.85,5
0.0,1.067,0.81,0.68,0.7,0.72,0.71,0.82,0.71,0.59,0.75,0.71,5
0.0,1.067,0.77,0.74,0.68,0.76,0.74,0.88,0.82,0.63,0.84,0.78,5
0.0,1.067,0.75,0.68,0.63,0.77,0.65,0.86,0.72,0.57,0.77,0.73,5
0.0,1.143,0.83,0.76,0.71,0.88,0.7,0.93,0.78,0.66,0.87,0.81,5
0.0,1.067,0.78,0.7,0.67,0.79,0.67,0.9,0.75,0.57,0.81,0.74,5
0.0,1.143,0.8,0.67,0.61,0.79,0.63,0.91,0.72,0.59,0.79,0.77,5
0.0,1.067,0.72,0.77,0.66,0.78,0.71,0.9,0.76,0.64,0.8,0.79,5
0.0,1.067,0.79,0.72,0.68,0.79,0.66,0.92,0.76,0.63,0.83,0.78,5
0.0,1.067,0.78,0.81,0.72,0.83,0.74,0.92,0.79,0.7,0.82,0.8,5
0.0,1.067,0.82,0.69,0.65,0.79,0.7,0.9,0.77,0.56,0.84,0.75,5
0.0,1.067,0.67,0.68,0.56,0.69,0.62,0.8,0.7,0.5,0.72,0.69,5
0.0,1.067,0.81,0.78,0.65,0.87,0.71,0.9,0.76,0.62,0.83,0.79,5
0.0,1.067,0.7,0.71,0.6,0.68,0.72,0.81,0.79,0.55,0.79,0.72,5
4.0,1.143,0.82,0.85,0.74,0.88,0.76,0.95,0.79,0.75,0.87,0.85,5
0.0,1.067,0.8,0.78,0.67,0.81,0.7,0.93,0.79,0.66,0.84,0.83,5
0.0,1.067,0.78,0.75,0.67,0.75,0.75,0.89,0.8,0.61,0.84,0.8,5
0.0,1.067,0.77,0.78,0.7,0.72,0.76,0.88,0.82,0.68,0.83,0.81,5
0.0,1.067,0.61,0.69,0.66,0.62,0.58,0.77,0.68,0.66,0.67,0.72,5
0.0,1.067,0.65,0.64,0.67,0.64,0.56,0.81,0.69,0.66,0.71,0.73,5
0.0,1.067,0.79,0.71,0.67,0.79,0.68,0.91,0.75,0.63,0.82,0.76,5
0.0,1.067,0.65,0.7,0.65,0.63,0.64,0.78,0.73,0.64,0.69,0.71,5
0.0,1.067,0.81,0.79,0.68,0.82,0.73,0.9,0.69,0.69,0.78,0.83,5
0.0,1.067,0.87,0.69,0.75,0.82,0.68,0.88,0.77,0.64,0.85,0.77,5
0.0,1.067,0.78,0.7,0.61,0.75,0.65,0.81,0.63,0.58,0.73,0.76,5
0.0,1.067,0.78,0.7,0.66,0.85,0.65,0.83,0.72,0.59,0.79,0.71,5
0.0,1.067,0.64,0.7,0.74,0.71,0.56,0.83,0.59,0.76,0.71,0.78,5
0.0,1.067,0.44,0.66,0.63,0.61,0.5,0.53,0.54,0.65,0.57,0.53,5
0.0,1.067,0.63,0.73,0.58,0.7,0.63,0.8,0.71,0.62,0.7,0.72,5
0.0,1.067,0.81,0.72,0.73,0.83,0.74,0.89,0.79,0.62,0.85,0.77,5
0.0,1.067,0.81,0.77,0.65,0.79,0.77,0.91,0.8,0.65,0.84,0.78,5
20.0,1.067,0.75,0.77,0.76,0.77,0.66,0.87,0.65,0.75,0.78,0.84,5
0.0,1.067,0.83,0.76,0.65,0.82,0.74,0.94,0.8,0.6,0.84,0.79,5
0.0,1.067,0.75,0.77,0.67,0.8,0.76,0.88,0.83,0.58,0.86,0.75,5
0.0,1.067,0.77,0.77,0.68,0.76,0.72,0.83,0.68,0.66,0.78,0.8,5
23.0,1.067,0.74,0.68,0.65,0.68,0.65,0.81,0.63,0.61,0.72,0.75,5
0.0,1.067,0.8,0.66,0.66,0.79,0.62,0.83,0.69,0.58,0.77,0.73,5
0.0,1.143,0.64,0.73,0.7,0.7,0.65,0.84,0.71,0.69,0.72,0.72,5
0.0,1.067,0.73,0.75,0.67,0.79,0.66,0.91,0.75,0.65,0.81,0.8,5
0.0,1.067,0.69,0.73,0.69,0.72,0.64,0.84,0.64,0.72,0.75,0.8,5
0.0,1.067,0.67,0.66,0.61,0.7,0.58,0.86,0.65,0.61,0.71,0.73,5
0.0,1.067,0.71,0.66,0.61,0.71,0.69,0.79,0.73,0.53,0.78,0.7,5
0.0,1.067,0.73,0.73,0.69,0.76,0.62,0.88,0.61,0.74,0.73,0.84,5
0.0,1.067,0.72,0.66,0.64,0.65,0.64,0.83,0.77,0.59,0.77,0.74,5
6.0,1.067,0.74,0.82,0.65,0.81,0.68,0.88,0.72,0.69,0.79,0.8,5
0.0,1.067,0.85,0.77,0.68,0.85,0.72,0.94,0.79,0.65,0.86,0.83,5
0.0,1.067,0.67,0.7,0.69,0.63,0.66,0.8,0.73,0.64,0.71,0.73,5
0.0,1.067,0.79,0.73,0.66,0.82,0.73,0.9,0.82,0.58,0.85,0.73,5
0.0,1.143,0.84,0.75,0.65,0.8,0.76,0.91,0.79,0.59,0.86,0.77,5
0.0,1.067,0.71,0.67,0.67,0.63,0.67,0.81,0.76,0.61,0.75,0.72,5
0.0,1.067,0.71,0.73,0.67,0.78,0.64,0.87,0.63,0.72,0.74,0.81,5
0.0,1.067,0.77,0.76,0.64,0.78,0.64,0.9,0.63,0.69,0.76,0.86,5
2.0,1.067,0.5,0.73,0.68,0.64,0.59,0.58,0.57,0.65,0.63,0.59,5
0.0,1.067,0.79,0.68,0.67,0.75,0.73,0.87,0.8,0.56,0.83,0.74,5
0.0,1.143,0.7,0.81,0.66,0.77,0.77,0.86,0.83,0.62,0.81,0.74,5
2.0,1.143,0.8,0.83,0.71,0.86,0.71,0.93,0.73,0.71,0.82,0.84,5
0.0,1.067,0.8,0.77,0.72,0.85,0.71,0.92,0.8,0.68,0.85,0.78,5
0.0,1.067,0.85,0.74,0.7,0.84,0.69,0.88,0.75,0.61,0.83,0.79,5
0.0,1.067,0.67,0.76,0.74,0.72,0.67,0.87,0.7,0.73,0.76,0.79,5
0.0,1.143,0.82,0.75,0.63,0.79,0.72,0.91,0.74,0.6,0.82,0.79,5
4.0,1.067,0.73,0.76,0.75,0.76,0.66,0.86,0.68,0.74,0.78,0.81,5
0.0,1.067,0.79,0.77,0.65,0.81,0.68,0.93,0.69,0.72,0.78,0.82,5
0.0,1.067,0.57,0.66,0.66,0.67,0.56,0.74,0.65,0.62,0.66,0.62,5
0.0,1.067,0.81,0.78,0.75,0.88,0.7,0.93,0.76,0.71,0.84,0.83,5
0.0,1.067,0.77,0.77,0.63,0.81,0.7,0.88,0.75,0.64,0.81,0.78,5
12.0,1.067,0.8,0.59,0.65,0.56,0.75,0.72,0.89,0.46,0.77,0.59,6
33.0,1.067,0.8,0.62,0.6,0.63,0.76,0.76,0.91,0.42,0.82,0.61,6
23.0,1.067,0.85,0.7,0.72,0.72,0.78,0.84,0.9,0.58,0.88,0.74,6
18.0,1.067,0.84,0.71,0.71,0.72,0.8,0.87,0.92,0.6,0.88,0.73,6
36.5,1.067,0.75,0.53,0.57,0.55,0.66,0.71,0.85,0.39,0.78,0.56,6
32.5,1.067,0.84,0.65,0.63,0.73,0.76,0.84,0.86,0.49,0.85,0.68,6
21.5,1.067,0.78,0.59,0.61,0.56,0.78,0.72,0.91,0.41,0.79,0.58,6
10.0,1.067,0.75,0.67,0.64,0.61,0.83,0.75,0.91,0.49,0.8,0.63,6
45.0,1.067,0.79,0.57,0.6,0.66,0.71,0.79,0.84,0.42,0.82,0.62,6
15.5,1.067,0.79,0.63,0.66,0.63,0.77,0.77,0.88,0.48,0.82,0.65,6
25.0,1.067,0.75,0.65,0.63,0.59,0.78,0.68,0.89,0.42,0.77,0.54,6
10.0,1.143,0.81,0.72,0.74,0.7,0.8,0.85,0.88,0.59,0.85,0.75,6
19.0,1.067,0.78,0.62,0.62,0.61,0.76,0.77,0.91,0.46,0.82,0.63,6
26.0,1.067,0.85,0.66,0.71,0.69,0.69,0.79,0.85,0.62,0.87,0.75,6
29.0,1.067,0.72,0.71,0.57,0.74,0.8,0.72,0.9,0.43,0.8,0.55,6
19.5,1.067,0.88,0.71,0.76,0.7,0.77,0.79,0.89,0.62,0.89,0.75,6
36.0,1.067,0.78,0.61,0.65,0.62,0.69,0.76,0.84,0.52,0.81,0.66,6
22.5,1.067,0.75,0.58,0.61,0.56,0.78,0.7,0.91,0.4,0.78,0.54,6
8.5,1.067,0.77,0.62,0.65,0.59,0.79,0.75,0.9,0.49,0.79,0.61,6
12.5,1.067,0.81,0.75,0.72,0.7,0.84,0.81,0.94,0.56,0.85,0.68,6
15.0,1.067,0.65,0.75,0.64,0.72,0.73,0.65,0.77,0.56,0.74,0.55,6
34.0,1.067,0.75,0.66,0.54,0.65,0.8,0.73,0.92,0.38,0.8,0.56,6
8.5,1.067,0.68,0.66,0.65,0.6,0.74,0.73,0.76,0.54,0.72,0.66,6
15.0,1.067,0.82,0.61,0.68,0.61,0.76,0.75,0.88,0.51,0.8,0.63,6
19.5,1.067,0.77,0.65,0.63,0.65,0.79,0.78,0.93,0.45,0.84,0.62,6
16.0,1.067,0.72,0.63,0.62,0.61,0.81,0.71,0.91,0.43,0.79,0.55,6
16.5,1.067,0.76,0.72,0.63,0.73,0.86,0.77,0.92,0.47,0.83,0.61,6
20.5,1.067,0.8,0.67,0.66,0.65,0.79,0.79,0.94,0.5,0.84,0.66,6
17.0,1.067,0.77,0.7,0.63,0.69,0.83,0.76,0.9,0.46,0.81,0.61,6
37.5,1.067,0.78,0.7,0.59,0.78,0.79,0.76,0.84,0.45,0.79,0.58,6
24.5,1.067,0.71,0.69,0.57,0.66,0.8,0.69,0.92,0.41,0.77,0.52,6
48.0,1.067,0.78,0.57,0.55,0.62,0.7,0.78,0.86,0.38,0.81,0.61,6
21.5,1.067,0.72,0.72,0.64,0.68,0.84,0.72,0.92,0.44,0.79,0.55,6
31.5,1.067,0.66,0.71,0.53,0.71,0.76,0.66,0.85,0.42,0.76,0.51,6
28.0,1.143,0.63,0.7,0.6,0.68,0.75,0.64,0.81,0.44,0.72,0.51,6
12.0,1.067,0.76,0.57,0.59,0.53,0.77,0.7,0.86,0.4,0.74,0.54,6
18.0,1.067,0.83,0.66,0.68,0.62,0.78,0.76,0.91,0.52,0.83,0.66,6
20.5,1.067,0.63,0.63,0.56,0.6,0.79,0.6,0.86,0.37,0.71,0.44,6
15.5,1.067,0.78,0.71,0.69,0.68,0.85,0.78,0.96,0.51,0.84,0.64,6
18.0,1.067,0.77,0.59,0.64,0.54,0.76,0.7,0.88,0.42,0.76,0.56,6
16.5,1.067,0.77,0.52,0.66,0.56,0.68,0.71,0.83,0.5,0.74,0.58,6
22.5,1.067,0.7,0.73,0.61,0.72,0.82,0.7,0.91,0.45,0.79,0.54,6
12.0,1.067,0.66,0.7,0.59,0.63,0.75,0.67,0.82,0.52,0.7,0.54,6
16.0,1.067,0.72,0.54,0.6,0.51,0.73,0.68,0.81,0.41,0.71,0.54,6
37.0,1.067,0.82,0.64,0.68,0.71,0.72,0.83,0.87,0.53,0.87,0.7,6
30.5,1.067,0.65,0.7,0.54,0.66,0.77,0.69,0.85,0.44,0.73,0.53,6
12.5,1.067,0.82,0.68,0.71,0.7,0.79,0.84,0.9,0.58,0.86,0.72,6
29.5,1.067,0.78,0.75,0.64,0.82,0.79,0.76,0.84,0.51,0.82,0.6,6
22.5,1.067,0.74,0.63,0.61,0.57,0.81,0.7,0.93,0.38,0.78,0.53,6
15.5,1.067,0.7,0.77,0.63,0.75,0.84,0.72,0.9,0.5,0.79,0.57,6
18.0,1.067,0.69,0.74,0.61,0.72,0.81,0.73,0.9,0.49,0.8,0.58,6
15.5,1.067,0.78,0.62,0.65,0.6,0.78,0.75,0.88,0.47,0.78,0.59,6
40.5,1.067,0.77,0.57,0.56,0.58,0.72,0.72,0.88,0.36,0.79,0.56,6
13.5,1.067,0.72,0.77,0.63,0.77,0.82,0.71,0.89,0.51,0.8,0.58,6
20.0,1.067,0.79,0.7,0.6,0.7,0.82,0.81,0.93,0.47,0.85,0.65,6
29.5,1.143,0.74,0.68,0.56,0.65,0.79,0.73,0.9,0.41,0.81,0.58,6
10.0,1.067,0.72,0.55,0.62,0.5,0.74,0.64,0.82,0.42,0.71,0.5,6
13.0,1.067,0.78,0.54,0.63,0.54,0.72,0.7,0.83,0.45,0.74,0.57,6
20.5,1.067,0.77,0.64,0.61,0.63,0.79,0.76,0.93,0.45,0.82,0.62,6
23.0,1.067,0.71,0.7,0.58,0.68,0.81,0.68,0.91,0.42,0.79,0.53,6
13.5,1.067,0.77,0.73,0.63,0.68,0.83,0.73,0.92,0.49,0.79,0.59,6
12.5,1.067,0.78,0.68,0.7,0.66,0.82,0.78,0.92,0.48,0.83,0.64,6
27.5,1.067,0.73,0.7,0.56,0.69,0.79,0.76,0.92,0.44,0.8,0.6,6
28.0,1.067,0.7,0.74,0.6,0.76,0.78,0.69,0.87,0.49,0.79,0.55,6
9.0,1.067,0.62,0.7,0.62,0.71,0.76,0.64,0.78,0.51,0.69,0.5,6
30.5,1.067,0.72,0.71,0.55,0.74,0.76,0.71,0.86,0.44,0.78,0.57,6
11.5,1.067,0.7,0.74,0.62,0.7,0.87,0.72,0.91,0.46,0.78,0.56,6
13.5,1.067,0.74,0.76,0.63,0.74,0.85,0.73,0.92,0.48,0.81,0.58,6
20.5,1.067,0.77,0.64,0.64,0.59,0.78,0.75,0.89,0.45,0.79,0.61,6
24.5,1.067,0.66,0.67,0.53,0.61,0.77,0.64,0.83,0.39,0.7,0.47,6
20.5,1.067,0.65,0.71,0.57,0.68,0.76,0.63,0.82,0.46,0.74,0.5,6
20.5,1.067,0.63,0.63,0.56,0.6,0.79,0.6,0.86,0.37,0.71,0.44,6
30.5,1.067,0.72,0.71,0.55,0.74,0.76,0.71,0.86,0.44,0.78,0.57,6
20.0,1.067,0.82,0.68,0.63,0.68,0.81,0.8,0.93,0.47,0.85,0.66,6
13.0,1.067,0.65,0.71,0.57,0.69,0.8,0.66,0.85,0.45,0.73,0.51,6
16.5,1.067,0.77,0.58,0.64,0.57,0.75,0.72,0.9,0.43,0.78,0.56,6
16.0,1.067,0.76,0.65,0.64,0.6,0.82,0.73,0.93,0.46,0.8,0.58,6
24.0,1.067,0.72,0.71,0.55,0.7,0.81,0.73,0.92,0.42,0.79,0.56,6
38.5,1.067,0.73,0.68,0.57,0.69,0.79,0.72,0.89,0.38,0.8,0.55,6
30.0,1.067,0.71,0.6,0.54,0.54,0.77,0.66,0.88,0.34,0.74,0.49,6
25.5,1.143,0.65,0.64,0.6,0.68,0.74,0.65,0.83,0.43,0.73,0.52,6
22.0,1.067,0.7,0.76,0.63,0.77,0.72,0.68,0.8,0.55,0.8,0.59,6
25.0,1.067,0.77,0.64,0.55,0.64,0.78,0.73,0.91,0.41,0.8,0.58,6
33.5,1.067,0.76,0.68,0.56,0.69,0.8,0.75,0.91,0.41,0.81,0.58,6
13.0,1.067,0.81,0.62,0.68,0.6,0.79,0.76,0.91,0.51,0.8,0.63,6
48.5,1.067,0.72,0.59,0.55,0.63,0.71,0.74,0.85,0.38,0.8,0.58,6
32.5,1.067,0.79,0.65,0.61,0.7,0.78,0.79,0.9,0.44,0.85,0.61,6
17.5,1.067,0.84,0.73,0.72,0.76,0.74,0.84,0.8,0.63,0.85,0.78,6
20.5,1.067,0.72,0.57,0.61,0.55,0.71,0.69,0.85,0.43,0.76,0.57,6
15.5,1.067,0.7,0.77,0.63,0.75,0.82,0.71,0.89,0.5,0.79,0.56,6
30.5,1.067,0.7,0.59,0.62,0.66,0.68,0.72,0.8,0.45,0.78,0.58,6
25.0,1.067,0.78,0.6,0.61,0.6,0.79,0.74,0.93,0.41,0.8,0.58,6
23.5,1.067,0.79,0.67,0.65,0.67,0.82,0.78,0.95,0.46,0.83,0.62,6
20.0,1.067,0.71,0.53,0.58,0.49,0.72,0.65,0.83,0.37,0.72,0.5,6
24.0,1.067,0.77,0.58,0.64,0.56,0.77,0.72,0.91,0.42,0.8,0.57,6
7.0,1.067,0.79,0.69,0.71,0.66,0.81,0.79,0.87,0.57,0.82,0.71,6
8.0,1.067,0.68,0.61,0.64,0.58,0.79,0.68,0.83,0.43,0.72,0.52,6
6.0,1.067,0.7,0.62,0.62,0.57,0.83,0.67,0.86,0.41,0.73,0.51,6
20.0,1.067,0.73,0.76,0.61,0.78,0.82,0.73,0.89,0.48,0.8,0.57,6
8.5,1.143,0.66,0.79,0.71,0.76,0.78,0.75,0.81,0.64,0.76,0.65,6
0.0,1.067,0.54,0.61,0.75,0.58,0.46,0.47,0.5,0.68,0.63,0.56,7
0.0,1.067,0.67,0.76,0.64,0.72,0.57,0.67,0.48,0.79,0.69,0.79,7
0.0,1.067,0.68,0.72,0.82,0.7,0.51,0.77,0.54,0.9,0.72,0.86,7
0.0,1.067,0.65,0.77,0.78,0.73,0.53,0.73,0.49,0.92,0.69,0.83,7
0.0,1.067,0.57,0.76,0.74,0.74,0.48,0.66,0.44,0.94,0.63,0.77,7
0.0,1.067,0.74,0.66,0.64,0.69,0.52,0.74,0.49,0.77,0.71,0.84,7
0.0,1.143,0.6,0.73,0.82,0.73,0.48,0.64,0.48,0.9,0.65,0.74,7
0.0,1.067,0.76,0.69,0.64,0.73,0.55,0.75,0.51,0.76,0.74,0.84,7
0.0,1.067,0.59,0.73,0.72,0.72,0.45,0.66,0.43,0.94,0.63,0.78,7
0.0,1.067,0.56,0.68,0.84,0.71,0.42,0.66,0.47,0.93,0.64,0.73,7
0.0,1.067,0.54,0.71,0.82,0.7,0.47,0.67,0.47,0.92,0.63,0.75,7
0.0,1.067,0.57,0.68,0.85,0.71,0.45,0.63,0.5,0.92,0.65,0.7,7
0.0,1.067,0.6,0.7,0.83,0.7,0.45,0.68,0.46,0.95,0.66,0.8,7
0.0,1.067,0.53,0.63,0.81,0.62,0.42,0.57,0.48,0.8,0.62,0.63,7
0.0,1.067,0.64,0.67,0.66,0.69,0.44,0.67,0.41,0.86,0.65,0.79,7
0.0,1.067,0.48,0.64,0.73,0.65,0.37,0.58,0.37,0.91,0.55,0.67,7
0.0,1.067,0.52,0.67,0.83,0.7,0.46,0.61,0.49,0.88,0.62,0.66,7
0.0,1.143,0.44,0.62,0.76,0.69,0.43,0.58,0.47,0.79,0.55,0.56,7
0.0,1.067,0.52,0.55,0.7,0.66,0.47,0.6,0.53,0.68,0.61,0.55,7
0.0,1.067,0.62,0.72,0.86,0.67,0.46,0.71,0.49,0.92,0.68,0.82,7
0.0,1.067,0.61,0.73,0.64,0.72,0.51,0.65,0.44,0.86,0.65,0.77,7
0.0,1.067,0.66,0.76,0.68,0.77,0.53,0.68,0.47,0.88,0.68,0.8,7
0.0,1.067,0.47,0.72,0.73,0.71,0.44,0.61,0.41,0.9,0.57,0.68,7
0.0,1.067,0.53,0.6,0.75,0.66,0.44,0.55,0.48,0.76,0.62,0.58,7
0.0,1.067,0.7,0.69,0.59,0.74,0.54,0.68,0.48,0.78,0.68,0.79,7
0.0,1.067,0.62,0.69,0.79,0.65,0.43,0.69,0.45,0.91,0.66,0.84,7
0.0,1.067,0.46,0.66,0.69,0.65,0.38,0.56,0.36,0.88,0.53,0.65,7
0.0,1.067,0.52,0.64,0.79,0.66,0.37,0.63,0.4,0.91,0.59,0.72,7
0.0,1.067,0.64,0.73,0.75,0.71,0.5,0.69,0.47,0.9,0.66,0.81,7
0.0,1.067,0.53,0.66,0.82,0.67,0.47,0.67,0.5,0.84,0.61,0.7,7
0.0,1.067,0.5,0.66,0.8,0.67,0.39,0.6,0.41,0.9,0.58,0.7,7
0.0,1.067,0.57,0.71,0.75,0.72,0.45,0.68,0.44,0.93,0.63,0.77,7
0.0,1.067,0.51,0.65,0.81,0.68,0.46,0.64,0.49,0.82,0.61,0.66,7
0.0,1.067,0.55,0.7,0.82,0.71,0.44,0.64,0.46,0.92,0.62,0.72,7
0.0,1.067,0.53,0.7,0.81,0.73,0.51,0.62,0.53,0.84,0.64,0.64,7
0.0,1.067,0.68,0.73,0.79,0.72,0.49,0.77,0.49,0.93,0.7,0.86,7
0.0,1.067,0.68,0.72,0.57,0.74,0.57,0.65,0.48,0.76,0.67,0.75,7
0.0,1.067,0.77,0.67,0.63,0.67,0.55,0.74,0.51,0.71,0.73,0.85,7
0.0,1.067,0.55,0.71,0.78,0.75,0.49,0.64,0.49,0.88,0.63,0.69,7
0.0,1.067,0.59,0.67,0.79,0.66,0.42,0.66,0.43,0.94,0.63,0.79,7
0.0,1.067,0.57,0.74,0.78,0.74,0.46,0.65,0.44,0.95,0.63,0.76,7
0.0,1.067,0.69,0.7,0.71,0.69,0.5,0.72,0.47,0.87,0.68,0.85,7
0.0,1.067,0.59,0.68,0.67,0.7,0.43,0.64,0.4,0.91,0.61,0.75,7
0.0,1.067,0.67,0.75,0.66,0.75,0.54,0.68,0.48,0.86,0.69,0.81,7
0.0,1.143,0.71,0.76,0.73,0.71,0.58,0.76,0.52,0.82,0.74,0.87,7
0.0,1.067,0.54,0.77,0.73,0.75,0.5,0.65,0.45,0.92,0.62,0.74,7
0.0,1.067,0.52,0.65,0.78,0.62,0.46,0.52,0.5,0.75,0.62,0.59,7
0.0,1.067,0.61,0.73,0.73,0.71,0.48,0.66,0.43,0.9,0.65,0.8,7
0.0,1.067,0.53,0.62,0.8,0.66,0.42,0.56,0.48,0.81,0.62,0.6,7
0.0,1.067,0.74,0.73,0.69,0.65,0.55,0.78,0.54,0.79,0.73,0.89,7
0.0,1.067,0.61,0.74,0.78,0.75,0.48,0.68,0.46,0.96,0.65,0.78,7
0.0,1.067,0.55,0.68,0.81,0.69,0.43,0.6,0.44,0.91,0.62,0.71,7
0.0,1.143,0.47,0.57,0.76,0.59,0.34,0.53,0.39,0.83,0.55,0.61,7
0.0,1.067,0.63,0.71,0.69,0.71,0.46,0.66,0.44,0.9,0.65,0.8,7
0.0,1.067,0.61,0.76,0.7,0.76,0.51,0.66,0.45,0.89,0.66,0.78,7
0.0,1.067,0.56,0.69,0.84,0.73,0.48,0.63,0.52,0.87,0.66,0.66,7
0.0,1.067,0.56,0.72,0.85,0.74,0.46,0.64,0.48,0.91,0.65,0.72,7
0.0,1.067,0.54,0.62,0.83,0.63,0.42,0.62,0.46,0.82,0.62,0.69,7
0.0,1.067,0.63,0.68,0.6,0.7,0.48,0.65,0.42,0.83,0.62,0.77,7
0.0,1.067,0.57,0.65,0.72,0.69,0.39,0.62,0.39,0.93,0.6,0.74,7
0.0,1.067,0.55,0.68,0.7,0.65,0.44,0.65,0.41,0.86,0.61,0.75,7
0.0,1.067,0.52,0.71,0.82,0.71,0.43,0.61,0.44,0.91,0.61,0.69,7
0.0,1.067,0.57,0.7,0.72,0.69,0.43,0.64,0.41,0.94,0.62,0.77,7
0.0,1.067,0.63,0.71,0.69,0.72,0.46,0.67,0.44,0.91,0.65,0.8,7
0.0,1.143,0.55,0.75,0.79,0.71,0.5,0.62,0.5,0.86,0.64,0.69,7
0.0,1.067,0.62,0.73,0.8,0.7,0.48,0.71,0.48,0.92,0.67,0.8,7
0.0,1.143,0.53,0.63,0.82,0.68,0.44,0.6,0.48,0.84,0.62,0.64,7
10.5,1.067,0.47,0.63,0.65,0.55,0.45,0.43,0.44,0.58,0.56,0.53,7
0.0,1.067,0.56,0.75,0.7,0.72,0.46,0.63,0.41,0.92,0.6,0.75,7
0.0,1.067,0.56,0.69,0.83,0.68,0.43,0.67,0.45,0.92,0.63,0.76,7
0.0,1.067,0.68,0.63,0.52,0.7,0.51,0.63,0.46,0.69,0.64,0.72,7
0.0,1.067,0.59,0.76,0.83,0.75,0.5,0.65,0.48,0.94,0.65,0.75,7
0.0,1.067,0.69,0.74,0.69,0.78,0.52,0.72,0.48,0.9,0.69,0.83,7
0.0,1.067,0.58,0.71,0.84,0.74,0.47,0.65,0.49,0.92,0.66,0.73,7
0.0,1.067,0.52,0.63,0.81,0.65,0.38,0.61,0.42,0.89,0.59,0.68,7
0.0,1.067,0.6,0.72,0.7,0.72,0.46,0.65,0.44,0.93,0.63,0.77,7
0.0,1.067,0.75,0.66,0.66,0.69,0.53,0.73,0.5,0.75,0.73,0.84,7
0.0,1.067,0.6,0.73,0.83,0.75,0.56,0.65,0.59,0.85,0.7,0.67,7
0.0,1.067,0.61,0.63,0.76,0.62,0.42,0.66,0.42,0.89,0.63,0.8,7
0.0,1.067,0.61,0.74,0.74,0.74,0.47,0.66,0.44,0.94,0.64,0.79,7
0.0,1.067,0.51,0.68,0.82,0.7,0.44,0.64,0.46,0.89,0.61,0.7,7
0.0,1.067,0.57,0.74,0.79,0.74,0.47,0.64,0.45,0.94,0.62,0.74,7
0.0,1.067,0.59,0.64,0.86,0.68,0.47,0.6,0.53,0.84,0.68,0.67,7
0.0,1.067,0.53,0.69,0.79,0.7,0.43,0.61,0.42,0.94,0.59,0.7,7
0.0,1.067,0.76,0.67,0.61,0.71,0.58,0.76,0.55,0.71,0.73,0.82,7
0.0,1.067,0.58,0.68,0.83,0.71,0.43,0.67,0.47,0.94,0.65,0.76,7
0.0,1.067,0.63,0.71,0.74,0.71,0.46,0.7,0.44,0.93,0.66,0.82,7
0.0,1.067,0.57,0.66,0.81,0.62,0.38,0.65,0.41,0.91,0.62,0.79,7
0.0,1.067,0.61,0.73,0.69,0.75,0.46,0.66,0.42,0.92,0.63,0.78,7
0.0,1.067,0.63,0.72,0.68,0.73,0.48,0.68,0.44,0.91,0.66,0.81,7
0.0,1.067,0.71,0.76,0.73,0.73,0.54,0.76,0.51,0.86,0.73,0.87,7
0.0,1.067,0.74,0.72,0.7,0.72,0.53,0.78,0.51,0.85,0.72,0.89,7
0.0,1.067,0.58,0.72,0.77,0.71,0.44,0.65,0.41,0.94,0.62,0.77,7
0.0,1.067,0.5,0.63,0.79,0.66,0.46,0.63,0.49,0.8,0.58,0.65,7
0.0,1.067,0.58,0.7,0.75,0.7,0.42,0.65,0.41,0.94,0.62,0.78,7
0.0,1.067,0.62,0.73,0.69,0.74,0.45,0.66,0.43,0.9,0.64,0.78,7
0.0,1.067,0.54,0.66,0.73,0.67,0.39,0.61,0.4,0.93,0.59,0.72,7
0.0,1.067,0.53,0.68,0.7,0.66,0.4,0.6,0.38,0.92,0.57,0.72,7
0.0,1.067,0.6,0.73,0.85,0.69,0.47,0.72,0.5,0.91,0.67,0.79,7
0.0,1.067,0.52,0.73,0.73,0.72,0.45,0.62,0.43,0.91,0.59,0.7,7
55.0,1.067,0.9,0.75,0.75,0.77,0.71,0.83,0.83,0.63,0.93,0.81,8
8.5,1.231,0.84,0.9,0.78,0.82,0.83,0.85,0.84,0.7,0.91,0.81,8
29.5,1.067,0.84,0.86,0.8,0.77,0.81,0.83,0.85,0.72,0.93,0.83,8
37.0,1.067,0.73,0.8,0.8,0.78,0.71,0.81,0.72,0.77,0.85,0.81,8
61.0,1.067,0.83,0.71,0.67,0.75,0.68,0.86,0.79,0.65,0.86,0.81,8
28.5,1.067,0.86,0.81,0.85,0.8,0.76,0.85,0.84,0.73,0.94,0.85,8
22.5,1.067,0.73,0.81,0.74,0.75,0.71,0.75,0.75,0.73,0.82,0.76,8
42.5,1.067,0.9,0.78,0.74,0.78,0.78,0.84,0.87,0.66,0.95,0.83,8
37.5,1.143,0.86,0.77,0.77,0.78,0.74,0.81,0.78,0.68,0.91,0.82,8
26.5,1.067,0.74,0.77,0.72,0.8,0.76,0.81,0.73,0.62,0.78,0.74,8
48.5,1.067,0.89,0.81,0.74,0.74,0.79,0.84,0.86,0.67,0.93,0.83,8
39.5,1.067,0.81,0.76,0.74,0.8,0.74,0.85,0.84,0.64,0.89,0.75,8
35.5,1.067,0.85,0.85,0.71,0.85,0.77,0.83,0.82,0.66,0.92,0.78,8
42.5,1.067,0.86,0.79,0.72,0.79,0.71,0.85,0.77,0.69,0.85,0.82,8
47.5,1.067,0.82,0.74,0.78,0.75,0.73,0.81,0.83,0.64,0.89,0.75,8
31.0,1.067,0.9,0.81,0.82,0.82,0.79,0.86,0.84,0.72,0.94,0.83,8
27.0,1.067,0.87,0.68,0.73,0.67,0.7,0.76,0.79,0.63,0.87,0.76,8
47.5,1.067,0.9,0.76,0.78,0.78,0.73,0.83,0.84,0.65,0.94,0.82,8
60.5,1.143,0.85,0.72,0.74,0.7,0.73,0.77,0.77,0.65,0.86,0.8,8
60.5,1.067,0.87,0.73,0.7,0.76,0.72,0.83,0.81,0.6,0.91,0.79,8
63.5,1.067,0.87,0.69,0.69,0.76,0.67,0.83,0.79,0.6,0.89,0.76,8
46.0,1.067,0.89,0.78,0.76,0.8,0.75,0.86,0.84,0.68,0.96,0.82,8
39.5,1.067,0.88,0.79,0.79,0.8,0.75,0.84,0.8,0.73,0.93,0.86,8
12.5,1.067,0.81,0.86,0.85,0.84,0.78,0.83,0.77,0.78,0.88,0.85,8
31.5,1.067,0.71,0.79,0.67,0.74,0.65,0.77,0.71,0.71,0.79,0.76,8
24.0,1.067,0.74,0.82,0.85,0.79,0.72,0.8,0.72,0.8,0.85,0.81,8
54.5,1.067,0.87,0.72,0.73,0.8,0.69,0.82,0.78,0.65,0.9,0.79,8
49.0,1.067,0.86,0.78,0.68,0.78,0.74,0.78,0.83,0.62,0.9,0.77,8
41.5,1.067,0.86,0.79,0.79,0.79,0.76,0.85,0.85,0.69,0.93,0.81,8
59.5,1.067,0.85,0.74,0.74,0.73,0.72,0.82,0.84,0.65,0.93,0.79,8
53.0,1.067,0.89,0.75,0.79,0.75,0.74,0.81,0.83,0.68,0.94,0.82,8
35.5,1.067,0.89,0.78,0.78,0.81,0.79,0.85,0.89,0.66,0.95,0.8,8
38.5,1.067,0.81,0.77,0.78,0.78,0.74,0.82,0.76,0.65,0.86,0.78,8
47.5,1.143,0.84,0.76,0.82,0.76,0.72,0.8,0.81,0.69,0.9,0.8,8
45.5,1.067,0.84,0.76,0.71,0.76,0.69,0.84,0.77,0.73,0.88,0.84,8
56.0,1.143,0.8,0.74,0.73,0.72,0.72,0.8,0.81,0.63,0.91,0.78,8
59.0,1.067,0.9,0.75,0.73,0.77,0.7,0.82,0.83,0.65,0.94,0.82,8
56.0,1.067,0.83,0.73,0.75,0.79,0.69,0.83,0.76,0.67,0.9,0.8,8
44.0,1.067,0.84,0.74,0.75,0.78,0.76,0.81,0.86,0.62,0.9,0.73,8
23.5,1.067,0.63,0.74,0.74,0.69,0.75,0.73,0.76,0.6,0.74,0.65,8
56.0,1.067,0.81,0.74,0.77,0.74,0.71,0.8,0.84,0.65,0.9,0.76,8
43.5,1.143,0.88,0.82,0.75,0.81,0.76,0.84,0.84,0.7,0.94,0.84,8
66.5,1.067,0.87,0.69,0.76,0.72,0.68,0.78,0.79,0.65,0.88,0.81,8
39.5,1.143,0.81,0.8,0.76,0.78,0.77,0.8,0.84,0.65,0.93,0.76,8
32.0,1.067,0.87,0.83,0.83,0.78,0.79,0.83,0.85,0.73,0.92,0.81,8
49.0,1.067,0.85,0.79,0.7,0.78,0.7,0.82,0.78,0.69,0.91,0.83,8
55.5,1.067,0.87,0.69,0.7,0.82,0.7,0.85,0.79,0.59,0.87,0.73,8
49.5,1.067,0.84,0.74,0.76,0.77,0.75,0.81,0.84,0.64,0.91,0.75,8
60.0,1.067,0.86,0.71,0.75,0.75,0.67,0.81,0.81,0.63,0.91,0.78,8
67.0,1.067,0.85,0.71,0.74,0.71,0.68,0.78,0.8,0.67,0.89,0.79,8
43.5,1.067,0.81,0.79,0.71,0.77,0.74,0.79,0.8,0.65,0.88,0.8,8
47.0,1.067,0.86,0.76,0.79,0.74,0.74,0.82,0.81,0.67,0.9,0.85,8
55.5,1.231,0.89,0.73,0.73,0.78,0.69,0.82,0.79,0.65,0.93,0.79,8
52.5,1.067,0.86,0.73,0.77,0.74,0.71,0.78,0.81,0.65,0.93,0.81,8
51.0,1.067,0.9,0.77,0.73,0.76,0.75,0.82,0.83,0.63,0.94,0.81,8
48.5,1.067,0.87,0.74,0.78,0.79,0.72,0.83,0.81,0.66,0.93,0.79,8
50.5,1.143,0.84,0.72,0.77,0.73,0.71,0.8,0.84,0.64,0.91,0.75,8
53.0,1.143,0.85,0.75,0.76,0.74,0.73,0.79,0.83,0.63,0.93,0.77,8
56.5,1.067,0.86,0.74,0.69,0.75,0.74,0.81,0.83,0.59,0.9,0.77,8
53.5,1.067,0.91,0.74,0.72,0.72,0.76,0.8,0.84,0.61,0.94,0.8,8
30.0,1.067,0.82,0.77,0.8,0.78,0.77,0.83,0.88,0.67,0.9,0.74,8
56.5,1.067,0.82,0.75,0.7,0.76,0.76,0.81,0.85,0.62,0.91,0.77,8
53.0,1.067,0.83,0.77,0.71,0.79,0.71,0.79,0.8,0.63,0.9,0.75,8
61.5,1.067,0.75,0.73,0.78,0.71,0.65,0.76,0.69,0.69,0.84,0.79,8
36.0,1.067,0.81,0.81,0.68,0.75,0.76,0.75,0.82,0.62,0.87,0.76,8
70.0,1.143,0.87,0.71,0.68,0.77,0.7,0.83,0.78,0.6,0.88,0.74,8
70.5,1.143,0.85,0.68,0.69,0.7,0.68,0.77,0.76,0.57,0.88,0.77,8
15.0,1.067,0.51,0.69,0.6,0.62,0.7,0.69,0.66,0.53,0.65,0.62,8
62.0,1.067,0.87,0.72,0.72,0.71,0.69,0.8,0.78,0.65,0.91,0.82,8
50.5,1.067,0.72,0.75,0.64,0.78,0.69,0.76,0.73,0.65,0.78,0.7,8
58.5,1.067,0.85,0.73,0.68,0.74,0.74,0.81,0.82,0.59,0.9,0.76,8
42.0,1.067,0.81,0.75,0.76,0.78,0.77,0.83,0.86,0.63,0.9,0.74,8
46.0,1.067,0.85,0.76,0.72,0.84,0.71,0.8,0.78,0.66,0.88,0.75,8
62.0,1.067,0.87,0.72,0.74,0.77,0.69,0.81,0.8,0.65,0.92,0.77,8
39.0,1.067,0.85,0.81,0.72,0.76,0.79,0.83,0.84,0.7,0.89,0.83,8
51.5,1.067,0.89,0.76,0.76,0.82,0.7,0.87,0.82,0.68,0.94,0.82,8
47.5,1.067,0.78,0.71,0.81,0.69,0.7,0.76,0.78,0.67,0.83,0.71,8
42.0,1.067,0.86,0.76,0.75,0.81,0.74,0.84,0.86,0.61,0.92,0.76,8
55.5,1.067,0.92,0.73,0.75,0.77,0.7,0.82,0.79,0.66,0.92,0.81,8
62.5,1.143,0.88,0.72,0.74,0.7,0.74,0.79,0.83,0.63,0.9,0.77,8
36.0,1.143,0.77,0.8,0.78,0.83,0.76,0.83,0.79,0.68,0.88,0.76,8
38.0,1.143,0.83,0.81,0.75,0.74,0.76,0.77,0.81,0.68,0.91,0.8,8
39.5,1.067,0.83,0.81,0.66,0.78,0.76,0.79,0.84,0.61,0.89,0.77,8
50.0,1.067,0.89,0.73,0.76,0.76,0.72,0.82,0.84,0.64,0.94,0.79,8
40.5,1.067,0.91,0.78,0.76,0.79,0.75,0.86,0.81,0.67,0.91,0.81,8
47.5,1.067,0.91,0.74,0.75,0.76,0.75,0.81,0.86,0.61,0.95,0.8,8
60.5,1.067,0.86,0.73,0.7,0.76,0.69,0.79,0.78,0.63,0.91,0.79,8
49.0,1.067,0.81,0.72,0.81,0.7,0.69,0.77,0.75,0.69,0.87,0.82,8
46.5,1.067,0.73,0.72,0.73,0.67,0.73,0.74,0.8,0.62,0.8,0.68,8
43.5,1.067,0.88,0.78,0.74,0.83,0.74,0.86,0.84,0.66,0.92,0.8,8
44.5,1.143,0.86,0.76,0.75,0.79,0.76,0.84,0.8,0.63,0.91,0.77,8
77.5,1.067,0.79,0.69,0.72,0.68,0.62,0.78,0.7,0.71,0.8,0.8,8
42.5,1.067,0.82,0.76,0.73,0.83,0.75,0.84,0.83,0.64,0.91,0.73,8
54.0,1.067,0.89,0.72,0.72,0.79,0.73,0.83,0.83,0.61,0.91,0.76,8
65.5,1.067,0.88,0.7,0.71,0.7,0.74,0.79,0.84,0.59,0.9,0.79,8
55.5,1.143,0.82,0.77,0.73,0.79,0.71,0.82,0.78,0.65,0.9,0.78,8
12.0,1.067,0.52,0.69,0.53,0.62,0.71,0.7,0.64,0.5,0.64,0.63,8
47.0,1.143,0.8,0.77,0.74,0.74,0.72,0.79,0.82,0.67,0.91,0.78,8
62.0,1.143,0.83,0.75,0.71,0.78,0.67,0.81,0.75,0.65,0.89,0.77,8
34.5,1.067,0.77,0.79,0.79,0.82,0.67,0.83,0.7,0.79,0.84,0.85,8
36.0,1.067,0.71,0.7,0.65,0.63,0.55,0.73,0.57,0.71,0.71,0.88,9
24.0,1.067,0.71,0.77,0.7,0.71,0.55,0.79,0.55,0.78,0.75,0.93,9
15.0,1.067,0.81,0.74,0.7,0.8,0.59,0.84,0.63,0.71,0.81,0.88,9
24.0,1.067,0.73,0.75,0.69,0.68,0.56,0.77,0.55,0.77,0.74,0.92,9
12.0,1.067,0.66,0.71,0.72,0.7,0.51,0.75,0.5,0.8,0.68,0.86,9
18.0,1.067,0.57,0.7,0.71,0.61,0.55,0.63,0.57,0.68,0.67,0.71,9
31.5,1.067,0.71,0.63,0.8,0.56,0.51,0.7,0.6,0.72,0.72,0.75,9
21.5,1.067,0.72,0.7,0.61,0.7,0.6,0.75,0.56,0.65,0.76,0.86,9
16.5,1.067,0.76,0.79,0.7,0.73,0.63,0.8,0.61,0.74,0.8,0.93,9
14.0,1.067,0.8,0.8,0.69,0.77,0.7,0.83,0.68,0.67,0.85,0.89,9
22.0,1.067,0.71,0.71,0.76,0.71,0.53,0.79,0.54,0.82,0.75,0.91,9
11.5,1.067,0.67,0.78,0.78,0.76,0.54,0.82,0.55,0.87,0.75,0.89,9
22.0,1.067,0.7,0.72,0.73,0.69,0.52,0.76,0.53,0.77,0.73,0.88,9
21.5,1.067,0.71,0.79,0.77,0.76,0.56,0.8,0.55,0.86,0.76,0.93,9
12.0,1.067,0.66,0.76,0.7,0.76,0.53,0.76,0.53,0.78,0.72,0.84,9
21.5,1.067,0.78,0.75,0.65,0.76,0.61,0.83,0.58,0.7,0.81,0.9,9
13.0,1.067,0.81,0.78,0.7,0.81,0.63,0.83,0.62,0.71,0.82,0.9,9
15.0,1.067,0.73,0.82,0.72,0.75,0.64,0.83,0.61,0.79,0.78,0.93,9
7.0,1.067,0.79,0.82,0.73,0.8,0.7,0.84,0.71,0.69,0.85,0.87,9
13.5,1.143,0.72,0.77,0.65,0.77,0.64,0.76,0.59,0.67,0.8,0.85,9
30.5,1.067,0.69,0.71,0.69,0.63,0.61,0.72,0.6,0.68,0.74,0.8,9
37.0,1.067,0.66,0.64,0.64,0.69,0.46,0.75,0.46,0.74,0.67,0.86,9
39.0,1.067,0.8,0.76,0.69,0.67,0.66,0.77,0.63,0.72,0.77,0.87,9
20.5,1.067,0.77,0.79,0.67,0.73,0.64,0.8,0.62,0.72,0.81,0.92,9
32.5,1.067,0.78,0.77,0.71,0.68,0.63,0.79,0.62,0.76,0.79,0.9,9
18.0,1.067,0.83,0.76,0.71,0.81,0.61,0.85,0.66,0.71,0.85,0.91,9
2.0,1.067,0.73,0.82,0.7,0.82,0.63,0.79,0.55,0.83,0.74,0.86,9
12.5,1.143,0.71,0.81,0.72,0.76,0.62,0.8,0.59,0.79,0.78,0.91,9
19.5,1.067,0.61,0.68,0.75,0.64,0.49,0.72,0.51,0.76,0.69,0.79,9
35.0,1.067,0.79,0.73,0.64,0.68,0.65,0.77,0.63,0.66,0.79,0.89,9
8.0,1.067,0.8,0.75,0.67,0.8,0.61,0.8,0.59,0.69,0.79,0.86,9
12.0,1.067,0.68,0.81,0.82,0.76,0.58,0.81,0.57,0.87,0.77,0.91,9
18.0,1.067,0.87,0.76,0.8,0.81,0.65,0.84,0.74,0.72,0.89,0.89,9
32.5,1.067,0.77,0.77,0.66,0.7,0.65,0.82,0.66,0.72,0.8,0.91,9
15.0,1.067,0.78,0.82,0.71,0.76,0.66,0.83,0.62,0.76,0.81,0.94,9
16.0,1.067,0.77,0.81,0.69,0.76,0.63,0.83,0.6,0.76,0.82,0.93,9
19.5,1.067,0.73,0.69,0.68,0.75,0.52,0.78,0.5,0.74,0.72,0.86,9
25.0,1.067,0.72,0.67,0.8,0.61,0.55,0.72,0.61,0.72,0.76,0.82,9
12.5,1.067,0.81,0.82,0.78,0.81,0.67,0.85,0.72,0.71,0.87,0.89,9
33.0,1.067,0.76,0.72,0.66,0.69,0.6,0.77,0.61,0.7,0.78,0.86,9
30.0,1.067,0.73,0.69,0.67,0.65,0.54,0.74,0.56,0.69,0.72,0.86,9
37.0,1.067,0.76,0.71,0.71,0.63,0.59,0.75,0.61,0.73,0.72,0.85,9
11.0,1.067,0.77,0.86,0.71,0.76,0.69,0.83,0.65,0.76,0.83,0.94,9
11.5,1.067,0.68,0.75,0.78,0.73,0.52,0.78,0.51,0.84,0.73,0.89,9
29.0,1.067,0.74,0.79,0.74,0.71,0.61,0.8,0.59,0.82,0.78,0.91,9
43.0,1.067,0.72,0.71,0.67,0.61,0.61,0.77,0.6,0.74,0.71,0.86,9
8.5,1.143,0.66,0.79,0.79,0.78,0.57,0.83,0.64,0.81,0.76,0.83,9
22.5,1.067,0.68,0.73,0.77,0.68,0.51,0.78,0.52,0.84,0.74,0.91,9
18.0,1.067,0.78,0.72,0.66,0.8,0.55,0.8,0.55,0.75,0.77,0.87,9
16.5,1.067,0.75,0.71,0.64,0.74,0.57,0.76,0.58,0.64,0.76,0.82,9
17.0,1.067,0.72,0.8,0.79,0.74,0.6,0.8,0.59,0.84,0.77,0.93,9
20.0,1.067,0.81,0.8,0.7,0.74,0.65,0.83,0.66,0.74,0.83,0.93,9
37.0,1.067,0.82,0.72,0.74,0.72,0.62,0.81,0.7,0.7,0.83,0.87,9
28.0,1.067,0.69,0.71,0.82,0.67,0.5,0.76,0.55,0.82,0.74,0.88,9
16.5,1.067,0.76,0.79,0.75,0.76,0.6,0.83,0.6,0.81,0.79,0.95,9
22.0,1.067,0.7,0.71,0.82,0.64,0.56,0.74,0.6,0.77,0.76,0.83,9
0.0,1.067,0.69,0.79,0.7,0.67,0.57,0.75,0.55,0.79,0.74,0.89,9
23.0,1.067,0.73,0.76,0.8,0.65,0.63,0.79,0.63,0.81,0.76,0.87,9
14.5,1.067,0.72,0.76,0.7,0.75,0.54,0.81,0.51,0.83,0.75,0.93,9
9.0,1.067,0.73,0.79,0.72,0.81,0.58,0.8,0.54,0.81,0.77,0.89,9
15.0,1.067,0.76,0.78,0.68,0.74,0.68,0.8,0.65,0.68,0.83,0.88,9
25.0,1.067,0.71,0.72,0.79,0.6,0.57,0.73,0.58,0.78,0.73,0.84,9
13.0,1.067,0.75,0.74,0.65,0.77,0.57,0.81,0.54,0.72,0.74,0.88,9
31.0,1.067,0.65,0.7,0.73,0.59,0.51,0.71,0.53,0.73,0.71,0.86,9
13.5,1.067,0.8,0.8,0.73,0.83,0.66,0.87,0.69,0.69,0.86,0.87,9
43.0,1.067,0.73,0.7,0.68,0.62,0.56,0.75,0.56,0.76,0.71,0.86,9
29.5,1.067,0.76,0.76,0.78,0.64,0.62,0.75,0.6,0.82,0.74,0.86,9
14.0,1.067,0.79,0.77,0.68,0.74,0.62,0.81,0.62,0.67,0.82,0.91,9
14.0,1.067,0.79,0.78,0.69,0.76,0.65,0.83,0.64,0.7,0.84,0.91,9
34.0,1.067,0.74,0.72,0.66,0.68,0.55,0.79,0.56,0.75,0.75,0.92,9
18.5,1.067,0.79,0.74,0.79,0.83,0.58,0.84,0.66,0.79,0.86,0.85,9
25.0,1.067,0.78,0.76,0.66,0.74,0.62,0.81,0.58,0.74,0.79,0.92,9
9.5,1.067,0.8,0.85,0.8,0.85,0.72,0.89,0.77,0.74,0.88,0.87,9
15.5,1.067,0.68,0.78,0.81,0.7,0.55,0.79,0.57,0.84,0.76,0.91,9
27.5,1.067,0.73,0.73,0.65,0.73,0.59,0.79,0.56,0.71,0.78,0.86,9
33.5,1.067,0.74,0.75,0.67,0.71,0.58,0.78,0.56,0.75,0.77,0.91,9
13.0,1.067,0.77,0.69,0.64,0.75,0.55,0.77,0.56,0.67,0.75,0.82,9
26.5,1.067,0.8,0.78,0.68,0.71,0.68,0.8,0.66,0.69,0.82,0.88,9
15.5,1.067,0.69,0.78,0.81,0.72,0.55,0.8,0.57,0.85,0.77,0.91,9
27.0,1.067,0.74,0.7,0.63,0.67,0.61,0.77,0.61,0.64,0.78,0.85,9
13.5,1.067,0.77,0.78,0.74,0.79,0.57,0.84,0.58,0.79,0.79,0.93,9
22.5,1.067,0.74,0.78,0.67,0.76,0.58,0.8,0.54,0.78,0.78,0.92,9
37.5,1.067,0.77,0.74,0.73,0.63,0.62,0.74,0.58,0.78,0.72,0.85,9
19.0,1.067,0.73,0.8,0.68,0.77,0.65,0.81,0.62,0.75,0.81,0.89,9
0.0,1.067,0.5,0.7,0.68,0.64,0.51,0.51,0.5,0.64,0.61,0.58,9
25.0,1.067,0.84,0.81,0.79,0.77,0.67,0.85,0.74,0.76,0.88,0.9,9
12.5,1.067,0.81,0.84,0.74,0.79,0.69,0.84,0.72,0.72,0.85,0.9,9
20.5,1.067,0.79,0.79,0.7,0.77,0.63,0.84,0.65,0.74,0.83,0.94,9
20.0,1.067,0.71,0.77,0.8,0.68,0.57,0.78,0.58,0.83,0.75,0.91,9
25.0,1.067,0.78,0.78,0.71,0.71,0.61,0.8,0.63,0.76,0.81,0.93,9
15.5,1.067,0.77,0.84,0.75,0.81,0.63,0.86,0.63,0.84,0.83,0.96,9
15.5,1.067,0.74,0.84,0.76,0.78,0.61,0.85,0.59,0.86,0.8,0.94,9
20.5,1.067,0.63,0.71,0.73,0.7,0.45,0.74,0.44,0.84,0.7,0.87,9
20.5,1.067,0.71,0.72,0.7,0.74,0.51,0.8,0.51,0.82,0.73,0.9,9
13.0,1.067,0.71,0.79,0.74,0.73,0.58,0.81,0.56,0.81,0.77,0.93,9
17.0,1.067,0.77,0.79,0.71,0.75,0.61,0.82,0.61,0.76,0.79,0.91,9
20.5,1.067,0.83,0.74,0.69,0.77,0.59,0.82,0.62,0.69,0.81,0.9,9
23.0,1.067,0.7,0.74,0.73,0.68,0.53,0.78,0.54,0.79,0.76,0.92,9
16.0,1.067,0.68,0.77,0.73,0.71,0.53,0.78,0.52,0.82,0.76,0.92,9
19.0,1.067,0.77,0.74,0.66,0.76,0.56,0.79,0.54,0.74,0.76,0.92,9
